<?xml version="1.0" encoding="UTF-8"?>
<!-- IBM_PROLOG_BEGIN_TAG                                                   -->
<!-- This is an automatically generated prolog.                             -->
<!--                                                                        -->
<!-- 61pscs114 src/powerscStd/ice/scripts/DataBase.xml                      -->
<!--                                                                        -->
<!-- Licensed Materials - Property of IBM                                   -->
<!--                                                                        -->
<!-- Restricted Materials of IBM                                            -->
<!--                                                                        -->
<!-- COPYRIGHT International Business Machines Corp. 2013,2015              -->
<!-- All Rights Reserved                                                    -->
<!--                                                                        -->
<!-- US Government Users Restricted Rights - Use, duplication or            -->
<!-- disclosure restricted by GSA ADP Schedule Contract with IBM Corp.      -->
<!--                                                                        -->
<!-- IBM_PROLOG_END_TAG                                                     -->
<!--	%Z%%M%  %I%  %W% %G% %U%

	COMPONENT_NAME:   (iceexpress) DataBase.xml

	FUNCTIONS:

	ORIGINS: 27				-->


<!--	RuleType DB represents Default Level Security Rules

	RuleType Prereq represents Analysis Rules

	Rulenames begin with dls for Default Level Security rules -->


<!--    Please do not Translate the contents of this file.  -->

<!-- VERSION : DataBase 1.0 -->
<!-- FILE: 1.0 -->


<AIXPertSecurityHardening>
  <AIXPertEntry name="prereqbinaudit" function="prereqbinaudit">
    <AIXPertRuleType type="Prereq"/>
    <AIXPertDescription catalog="pscexpert.cat" setNum="207" msgNum="1">Prereq rule for binaudit: Checks for available disk space to enable audit.</AIXPertDescription>
    <AIXPertPrereqList/>
    <AIXPertCommand>/etc/security/pscexpert/bin/prereqbinaudit</AIXPertCommand>
    <AIXPertArgs/>
    <AIXPertGroup/>
  </AIXPertEntry>
  <AIXPertEntry name="prereqcde" function="prereqcde">
    <AIXPertRuleType type="Prereq"/>
    <AIXPertDescription catalog="pscexpert.cat" setNum="207" msgNum="2">Prereq rule for CDE: Checks whether CDE entry exists in /etc/inittab or not.</AIXPertDescription>
    <AIXPertPrereqList/>
    <AIXPertCommand>/etc/security/pscexpert/bin/prereqcde</AIXPertCommand>
    <AIXPertArgs/>
    <AIXPertGroup/>
  </AIXPertEntry>
  <AIXPertEntry name="prereqgated" function="prereqgated">
    <AIXPertRuleType type="Prereq"/>
    <AIXPertDescription catalog="pscexpert.cat" setNum="207" msgNum="3">Prereq rule for gated: Checks whether the system is configured to be a router or not.</AIXPertDescription>
    <AIXPertPrereqList/>
    <AIXPertCommand>/etc/security/pscexpert/bin/prereqgated</AIXPertCommand>
    <AIXPertArgs/>
    <AIXPertGroup/>
  </AIXPertEntry>
  <AIXPertEntry name="prereqipsec" function="prereqipsec">
    <AIXPertRuleType type="Prereq"/>
    <AIXPertDescription catalog="pscexpert.cat" setNum="207" msgNum="4">Prereq rule for IPSec: Checks whether IPSec is enabled or not.</AIXPertDescription>
    <AIXPertPrereqList/>
    <AIXPertCommand>/etc/security/pscexpert/bin/prereqipsec</AIXPertCommand>
    <AIXPertArgs/>
    <AIXPertGroup/>
  </AIXPertEntry>
  <AIXPertEntry name="prereqlft" function="prereqlft">
    <AIXPertRuleType type="Prereq"/>
    <AIXPertDescription catalog="pscexpert.cat" setNum="207" msgNum="5">Prereq rule for LFT: Checks whether LFT is configured or not.</AIXPertDescription>
    <AIXPertPrereqList/>
    <AIXPertCommand>/etc/security/pscexpert/bin/prereqlft</AIXPertCommand>
    <AIXPertArgs/>
    <AIXPertGroup/>
  </AIXPertEntry>
  <AIXPertEntry name="prereqlh" function="prereqlh">
    <AIXPertRuleType type="Prereq"/>
    <AIXPertDescription catalog="pscexpert.cat" setNum="207" msgNum="6">Prereq rule for loginherald: Checks whether herald value is set or not.</AIXPertDescription>
    <AIXPertPrereqList/>
    <AIXPertCommand>/etc/security/pscexpert/bin/prereqlh</AIXPertCommand>
    <AIXPertArgs/>
    <AIXPertGroup/>
  </AIXPertEntry>
  <AIXPertEntry name="prereqnosyn" function="prereqnosyn">
    <AIXPertRuleType type="Prereq"/>
    <AIXPertDescription catalog="pscexpert.cat" setNum="207" msgNum="7">Prereq rule for NoSyn: Checks whether IPSec is enabled or not. If it is not, then enables it.</AIXPertDescription>
    <AIXPertPrereqList/>
    <AIXPertCommand>/etc/security/pscexpert/bin/prereqnosyn</AIXPertCommand>
    <AIXPertArgs/>
    <AIXPertGroup/>
  </AIXPertEntry>
  <AIXPertEntry name="prereqrl" function="prereqrl">
    <AIXPertRuleType type="Prereq"/>
    <AIXPertDescription catalog="pscexpert.cat" setNum="207" msgNum="8">Prereq rule for root login: Checks whether any non-root user exists that has login privileges.</AIXPertDescription>
    <AIXPertPrereqList/>
    <AIXPertCommand>/etc/security/pscexpert/bin/prereqrl</AIXPertCommand>
    <AIXPertArgs/>
    <AIXPertGroup/>
  </AIXPertEntry>
  <AIXPertEntry name="prereqrrl" function="prereqrrl">
    <AIXPertRuleType type="Prereq"/>
    <AIXPertDescription catalog="pscexpert.cat" setNum="207" msgNum="9">Prereq rule for remote root login: Checks whether any non-root user exists with privileges to login remotely.</AIXPertDescription>
    <AIXPertPrereqList/>
    <AIXPertCommand>/etc/security/pscexpert/bin/prereqrrl</AIXPertCommand>
    <AIXPertArgs/>
    <AIXPertGroup/>
  </AIXPertEntry>
    <AIXPertEntry name="prereqsed" function="prereqsed">
    <AIXPertRuleType type="Prereq"/>
    <AIXPertDescription catalog="pscexpert.cat" setNum="207" msgNum="10">Prereq rule for SED: Checks whether the machine has 64 bit kernel support or not.</AIXPertDescription>
    <AIXPertPrereqList/>
    <AIXPertCommand>/etc/security/pscexpert/bin/prereqsed</AIXPertCommand>
    <AIXPertArgs/>
    <AIXPertGroup/>
  </AIXPertEntry>
  <AIXPertEntry name="prereqnontcb" function="prereqnontcb">
    <AIXPertRuleType type="Prereq"/>
    <AIXPertDescription catalog="pscexpert.cat" setNum="207" msgNum="11">Prereq rule for non-TCB: Checks whether the system is non-TCB or not.</AIXPertDescription>
    <AIXPertPrereqList/>
    <AIXPertCommand>/etc/security/pscexpert/bin/prereqnontcb</AIXPertCommand>
    <AIXPertArgs/>
    <AIXPertGroup/>
  </AIXPertEntry>
  <AIXPertEntry name="prereqda" function="prereqda">
    <AIXPertRuleType type="Prereq"/>
    <AIXPertDescription catalog="pscexpert.cat" setNum="207" msgNum="12">Prereq rule for disableacct: Adds /bin/false to shells in login.cfg, if it does not exist.</AIXPertDescription>
    <AIXPertPrereqList/>
    <AIXPertCommand>/etc/security/pscexpert/bin/prereqda</AIXPertCommand>
    <AIXPertArgs/>
    <AIXPertGroup/>
  </AIXPertEntry>

  <AIXPertEntry name="prereqTE" function="prereqTE">
  <AIXPertRuleType type="Prereq"/>
  <AIXPertDescription catalog="pscexpert.cat" setNum="207" msgNum="13">Prereq rule for Trusted Execution: Checks whether the system has Trusted Execution feature on or not.</AIXPertDescription>
  <AIXPertPrereqList/>
  <AIXPertCommand>/etc/security/pscexpert/bin/prereqTE</AIXPertCommand>
  <AIXPertArgs/>
  <AIXPertGroup/>
  </AIXPertEntry>


  <AIXPertEntry name="db_minage" function="minage">
    <AIXPertRuleType type="DB"/>
    <AIXPertDescription catalog="pscexpert.cat" setNum="207" msgNum="14">Minimum age for password: Specifies the minimum number of weeks to 0 weeks before a password can be changed.</AIXPertDescription>
    <AIXPertPrereqList>bos.rte.date,bos.rte.commands,bos.rte.security,bos.rte.shell,bos.rte.ILS</AIXPertPrereqList>
    <AIXPertCommand>/etc/security/pscexpert/bin/chusrattr</AIXPertCommand>
    <AIXPertArgs>minage=0 MORE ALL db_minage</AIXPertArgs>
    <AIXPertGroup>Password policy rules</AIXPertGroup>
  </AIXPertEntry>

  <AIXPertEntry name="db_maxage" function="maxage">
    <AIXPertRuleType type="DB"/>
    <AIXPertDescription catalog="pscexpert.cat" setNum="207" msgNum="15">Maximum age for password: Specifies the maximum number of weeks (13 weeks at least 90 days) that a password is valid.</AIXPertDescription>
    <AIXPertPrereqList>bos.rte.date,bos.rte.commands,bos.rte.security,bos.rte.shell,bos.rte.ILS</AIXPertPrereqList>
    <AIXPertCommand>/etc/security/pscexpert/bin/chusrattr</AIXPertCommand>
    <AIXPertArgs>maxage=13 LESS ALL db_maxage</AIXPertArgs>
    <AIXPertGroup>Password policy rules</AIXPertGroup>
  </AIXPertEntry>

  <AIXPertEntry name="db_maxexpired" function="maxexpired">
    <AIXPertRuleType type="DB"/>
    <AIXPertDescription catalog="pscexpert.cat" setNum="207" msgNum="16">Time to change password after the expiration: Specifies the maximum number of weeks to 8 weeks of maxage that an expired password need to be changed by the user.</AIXPertDescription>
    <AIXPertPrereqList>bos.rte.date,bos.rte.commands,bos.rte.security,bos.rte.shell,bos.rte.ILS</AIXPertPrereqList>
    <AIXPertCommand>/etc/security/pscexpert/bin/chusrattr</AIXPertCommand>
    <AIXPertArgs>maxexpired=8 LESS ALL db_maxexpired</AIXPertArgs>
    <AIXPertGroup>Password policy rules</AIXPertGroup>
  </AIXPertEntry>

  <AIXPertEntry name="db_minlen" function="minlen">
    <AIXPertRuleType type="DB"/>
    <AIXPertDescription catalog="pscexpert.cat" setNum="207" msgNum="17">Minimum length for password: Specifies the minimum length of password to 7 characters.</AIXPertDescription>
    <AIXPertPrereqList>bos.rte.date,bos.rte.commands,bos.rte.security,bos.rte.shell,bos.rte.ILS</AIXPertPrereqList>
    <AIXPertCommand>/etc/security/pscexpert/bin/chusrattr</AIXPertCommand>
    <AIXPertArgs>minlen=7 MORE ALL db_minlen</AIXPertArgs>
    <AIXPertGroup>Password policy rules</AIXPertGroup>
  </AIXPertEntry>

  <AIXPertEntry name="db_minalpha" function="minalpha">
    <AIXPertRuleType type="DB"/>
    <AIXPertDescription catalog="pscexpert.cat" setNum="207" msgNum="18">Minimum number of alphabetic chars: Specifies the minimum number of alphabetic characters in a password to 1 to ensure that the password contains alphabetic characters.</AIXPertDescription>
    <AIXPertPrereqList>bos.rte.date,bos.rte.commands,bos.rte.security,bos.rte.shell,bos.rte.ILS</AIXPertPrereqList>
    <AIXPertCommand>/etc/security/pscexpert/bin/chusrattr</AIXPertCommand>
    <AIXPertArgs>minalpha=1 MORE ALL db_minalpha</AIXPertArgs>
    <AIXPertGroup>Password policy rules</AIXPertGroup>
  </AIXPertEntry>

  <AIXPertEntry name="db_minother" function="minother">
    <AIXPertRuleType type="DB"/>
    <AIXPertDescription catalog="pscexpert.cat" setNum="207" msgNum="19">Minimum number of non-alphabetic chars: Specifies the minimum number of non-alphabetic characters in a password to 1.</AIXPertDescription>
    <AIXPertPrereqList>bos.rte.date,bos.rte.commands,bos.rte.security,bos.rte.shell,bos.rte.ILS</AIXPertPrereqList>
    <AIXPertCommand>/etc/security/pscexpert/bin/chusrattr</AIXPertCommand>
    <AIXPertArgs>minother=1 MORE ALL db_minother</AIXPertArgs>
    <AIXPertGroup>Password policy rules</AIXPertGroup>
  </AIXPertEntry>

  <AIXPertEntry name="db_maxrepeats" function="maxrepeats">
    <AIXPertRuleType type="DB"/>
    <AIXPertDescription catalog="pscexpert.cat" setNum="207" msgNum="20">Maximum times a char can appear in a password: Specifies the maximum number of times a character can appear in a password to 8.</AIXPertDescription>
    <AIXPertPrereqList>bos.rte.date,bos.rte.commands,bos.rte.security,bos.rte.shell,bos.rte.ILS</AIXPertPrereqList>
    <AIXPertCommand>/etc/security/pscexpert/bin/chusrattr</AIXPertCommand>
    <AIXPertArgs>maxrepeats=8 LESS ALL db_maxrepeats</AIXPertArgs>
    <AIXPertGroup>Password policy rules</AIXPertGroup>
  </AIXPertEntry>

  <AIXPertEntry name="db_histexpire" function="histexpire">
    <AIXPertRuleType type="DB"/>
    <AIXPertDescription catalog="pscexpert.cat" setNum="207" msgNum="21">Password reuse: Specifies the number of weeks to 52 weeks before a password can be reused.</AIXPertDescription>
    <AIXPertPrereqList>bos.rte.date,bos.rte.commands,bos.rte.security,bos.rte.shell,bos.rte.ILS</AIXPertPrereqList>
    <AIXPertCommand>/etc/security/pscexpert/bin/chusrattr</AIXPertCommand>
    <AIXPertArgs>histexpire=52 LESS ALL db_histexpire</AIXPertArgs>
    <AIXPertGroup>Password policy rules</AIXPertGroup>
  </AIXPertEntry>

  <AIXPertEntry name="db_histsize" function="histsize">
    <AIXPertRuleType type="DB"/>
    <AIXPertDescription catalog="pscexpert.cat" setNum="207" msgNum="22">Password reuse limit: Specifies the number of previous passwords a user cannot reuse to 4.</AIXPertDescription>
    <AIXPertPrereqList>bos.rte.date,bos.rte.commands,bos.rte.security,bos.rte.shell,bos.rte.ILS</AIXPertPrereqList>
    <AIXPertCommand>/etc/security/pscexpert/bin/chusrattr</AIXPertCommand>
    <AIXPertArgs>histsize=4 LESS ALL db_histsize</AIXPertArgs>
    <AIXPertGroup>Password policy rules</AIXPertGroup>
  </AIXPertEntry>

  <AIXPertEntry name="db_loginretries" function="loginretries">
    <AIXPertRuleType type="DB"/>
    <AIXPertDescription catalog="pscexpert.cat" setNum="207" msgNum="23">Number of login attempts before locking the account: Specifies the number of consecutive unsuccessful login attempts to 6 for each non-root user account before the account is disabled.</AIXPertDescription>
    <AIXPertPrereqList>bos.rte.date,bos.rte.commands,bos.rte.security,bos.rte.shell,bos.rte.ILS</AIXPertPrereqList>
    <AIXPertCommand>/etc/security/pscexpert/bin/chusrattr</AIXPertCommand>
    <AIXPertArgs>loginretries=6 LESS NONROOT db_loginretries</AIXPertArgs>
    <AIXPertGroup>Login policy recommendations</AIXPertGroup>
  </AIXPertEntry>

  <AIXPertEntry name="db_logindisable" function="logindisable">
    <AIXPertRuleType type="DB"/>
    <AIXPertDescription catalog="pscexpert.cat" setNum="207" msgNum="24">Disable login after unsuccessful login attempts: Specifies the number of unsuccessful login attempts on a port to 6 before the port is locked.</AIXPertDescription>
    <AIXPertPrereqList>bos.rte.date,bos.rte.commands,bos.rte.security,bos.rte.shell,bos.rte.ILS</AIXPertPrereqList>
    <AIXPertCommand>/etc/security/pscexpert/bin/chdefstanza</AIXPertCommand>
    <AIXPertArgs>/etc/security/login.cfg logindisable=6 default db_logindisable</AIXPertArgs>
    <AIXPertGroup>Login policy recommendations</AIXPertGroup>
  </AIXPertEntry>

  <AIXPertEntry name="db_loginreenable" function="loginreenable">
    <AIXPertRuleType type="DB"/>
    <AIXPertDescription catalog="pscexpert.cat" setNum="207" msgNum="25">Implements PCI Section 8.5.14: Reenable login after locking: Specifies the time interval (30 minutes) after which a port is unlocked after being disabled by logindisable.</AIXPertDescription>
    <AIXPertPrereqList>bos.rte.date,bos.rte.commands,bos.rte.security,bos.rte.shell,bos.rte.ILS</AIXPertPrereqList>
    <AIXPertCommand>/etc/security/pscexpert/bin/chdefstanza</AIXPertCommand>
    <AIXPertArgs>/etc/security/login.cfg loginreenable=30 default db_loginreenable</AIXPertArgs>
    <AIXPertGroup>Login policy recommendations</AIXPertGroup>
  </AIXPertEntry>

  <AIXPertEntry name="db_rootrlogin" function="rootrlogin">
    <AIXPertRuleType type="DB"/>
    <AIXPertDescription catalog="pscexpert.cat" setNum="207" msgNum="26">Remote root login: Disables remote root login. Activation on need basis by system admin followed by deactivation.</AIXPertDescription>
    <AIXPertPrereqList>bos.rte.security,bos.rte.date,bos.rte.commands,bos.rte.ILS,bos.rte.shell</AIXPertPrereqList>
    <AIXPertCommand>/etc/security/pscexpert/bin/chuserstanza</AIXPertCommand>
    <AIXPertArgs>/etc/security/user rlogin=false root db_rootrlogin</AIXPertArgs>
    <AIXPertGroup>Login policy recommendations</AIXPertGroup>
  </AIXPertEntry>

  <AIXPertEntry name="db_rootlogin" function="rootlogin">
    <AIXPertRuleType type="DB"/>
    <AIXPertDescription catalog="pscexpert.cat" setNum="207" msgNum="27">Local login: Enables root to login locally.</AIXPertDescription>
    <AIXPertPrereqList>bos.rte.date,bos.rte.commands,bos.rte.security,bos.rte.shell,bos.rte.ILS</AIXPertPrereqList>
    <AIXPertCommand>/etc/security/pscexpert/bin/chuserstanza</AIXPertCommand>
    <AIXPertArgs>/etc/security/user login=true root db_rootlogin</AIXPertArgs>
    <AIXPertGroup>Login policy recommendations</AIXPertGroup>
  </AIXPertEntry>

  <AIXPertEntry name="db_dbaudit" function="dbaudit">
    <AIXPertRuleType type="DB"/>
    <AIXPertDescription catalog="pscexpert.cat" setNum="207" msgNum="28">Enable audit: Enables bin auditing.</AIXPertDescription>
    <AIXPertPrereqList>bos.rte,prereqbinaudit</AIXPertPrereqList>
    <AIXPertCommand>/etc/security/pscexpert/bin/pciaudit</AIXPertCommand>
    <AIXPertArgs>h db_dbaudit</AIXPertArgs>
    <AIXPertGroup>Audit policy recommendations</AIXPertGroup>
  </AIXPertEntry>

  <AIXPertEntry name="db_dislpd" function="dislpd">
    <AIXPertRuleType type="DB"/>
    <AIXPertDescription catalog="pscexpert.cat" setNum="207" msgNum="29">Disable unnecessary and insecure services: Disable lpd daemon: Stops lpd daemon and comments the lpd entry in /etc/inittab.</AIXPertDescription>
    <AIXPertPrereqList>bos.rte.ILS,bos.rte.date,bos.rte.shell,bos.rte.commands</AIXPertPrereqList>
    <AIXPertCommand>/etc/security/pscexpert/bin/comntrows</AIXPertCommand>
    <AIXPertArgs>lpd: /etc/inittab : d db_dislpd</AIXPertArgs>
    <AIXPertGroup>Rules for /etc/inittab</AIXPertGroup>
  </AIXPertEntry>

  <AIXPertEntry name="db_discde" function="discde">
    <AIXPertRuleType type="DB"/>
    <AIXPertDescription catalog="pscexpert.cat" setNum="207" msgNum="30">Disable unnecessary and insecure services: Disable CDE: Disables CDE when LFT is not configured.</AIXPertDescription>
    <AIXPertPrereqList>bos.rte.ILS,bos.rte.date,bos.rte.shell,bos.rte.commands,bos.rte.methods,prereqlft</AIXPertPrereqList>
    <AIXPertCommand>/etc/security/pscexpert/bin/comntrows</AIXPertCommand>
    <AIXPertArgs>"dt:" "/etc/inittab" ":" d db_discde</AIXPertArgs>
    <AIXPertGroup>Rules for /etc/inittab</AIXPertGroup>
  </AIXPertEntry>

  <AIXPertEntry name="db_distimedmn" function="distimedmn">
    <AIXPertRuleType type="DB"/>
    <AIXPertDescription catalog="pscexpert.cat" setNum="207" msgNum="31">Disable unnecessary and insecure services: Stops timed daemon and comments it's entry in /etc/rc.tcpip.</AIXPertDescription>
    <AIXPertPrereqList>bos.rte.ILS,bos.net.tcp.smit,bos.rte.shell,bos.rte.date,bos.rte.commands</AIXPertPrereqList>
    <AIXPertCommand>/etc/security/pscexpert/bin/rctcpip</AIXPertCommand>
    <AIXPertArgs>timed d db_distimedmn</AIXPertArgs>
    <AIXPertGroup>/etc/rc.tcpip Settings</AIXPertGroup>
  </AIXPertEntry>

  <AIXPertEntry name="db_disntpdmn" function="disntpdmn">
    <AIXPertRuleType type="DB"/>
    <AIXPertDescription catalog="pscexpert.cat" setNum="207" msgNum="32">Disable unnecessary and insecure services: Disable NTP daemon: Stops NTP daemon and comments it's entry in /etc/rc.tcpip.</AIXPertDescription>
    <AIXPertPrereqList>bos.rte.ILS,bos.net.tcp.smit,bos.rte.shell,bos.rte.date,bos.rte.commands</AIXPertPrereqList>
    <AIXPertCommand>/etc/security/pscexpert/bin/rctcpip</AIXPertCommand>
    <AIXPertArgs>xntpd d db_disntpdmn</AIXPertArgs>
    <AIXPertGroup>/etc/rc.tcpip Settings</AIXPertGroup>
  </AIXPertEntry>

  <AIXPertEntry name="db_disrwhoddmn" function="disrwhoddmn">
    <AIXPertRuleType type="DB"/>
    <AIXPertDescription catalog="pscexpert.cat" setNum="207" msgNum="33">Disable unnecessary and insecure services: Disable rwhod daemon: Stops rwhod daemon and comments it's entry in /etc/rc.tcpip.</AIXPertDescription>
    <AIXPertPrereqList>bos.rte.ILS,bos.net.tcp.smit,bos.rte.shell,bos.rte.date,bos.rte.commands</AIXPertPrereqList>
    <AIXPertCommand>/etc/security/pscexpert/bin/rctcpip</AIXPertCommand>
    <AIXPertArgs>rwhod d db_disrwhoddmn</AIXPertArgs>
    <AIXPertGroup>/etc/rc.tcpip Settings</AIXPertGroup>
  </AIXPertEntry>

  <AIXPertEntry name="db_dissnmpdmn" function="dissnmpdmn">
    <AIXPertRuleType type="DB"/>
    <AIXPertDescription catalog="pscexpert.cat" setNum="207" msgNum="34">Disable SNMP daemon: Change vendor supplied defaults. Stops SNMP daemon and comments it's entry in /etc/rc.tcpip.</AIXPertDescription>
    <AIXPertPrereqList>bos.rte.ILS,bos.net.tcp.smit,bos.rte.shell,bos.rte.date,bos.rte.commands</AIXPertPrereqList>
    <AIXPertCommand>/etc/security/pscexpert/bin/rctcpip</AIXPertCommand>
    <AIXPertArgs>snmpd d db_dissnmpdmn</AIXPertArgs>
    <AIXPertGroup>/etc/rc.tcpip Settings</AIXPertGroup>
  </AIXPertEntry>

  <AIXPertEntry name="db_dissnmpmibddmn" function="dissnmpmibddmn">
    <AIXPertRuleType type="DB"/>
    <AIXPertDescription catalog="pscexpert.cat" setNum="207" msgNum="35">Disable SNMPMIBD daemon: Stops SNMPMIBD daemon and comments it's entry in /etc/rc.tcpip.</AIXPertDescription>
    <AIXPertPrereqList>bos.rte.ILS,bos.net.tcp.smit,bos.rte.shell,bos.rte.date,bos.rte.commands</AIXPertPrereqList>
    <AIXPertCommand>/etc/security/pscexpert/bin/rctcpip</AIXPertCommand>
    <AIXPertArgs>snmpmibd d db_dissnmpmibddmn</AIXPertArgs>
    <AIXPertGroup>/etc/rc.tcpip Settings</AIXPertGroup>
  </AIXPertEntry>

  <AIXPertEntry name="db_disaixmibddmn" function="disaixmibddmn">
    <AIXPertRuleType type="DB"/>
    <AIXPertDescription catalog="pscexpert.cat" setNum="207" msgNum="36">Disable AIXMIBD daemon: Stops AIXMIBD daemon and comments it's entry in /etc/rc.tcpip.</AIXPertDescription>
    <AIXPertPrereqList>bos.rte.ILS,bos.net.tcp.smit,bos.rte.shell,bos.rte.date,bos.rte.commands</AIXPertPrereqList>
    <AIXPertCommand>/etc/security/pscexpert/bin/rctcpip</AIXPertCommand>
    <AIXPertArgs>aixmibd d db_disaixmibddmn</AIXPertArgs>
    <AIXPertGroup>/etc/rc.tcpip Settings</AIXPertGroup>
  </AIXPertEntry>

  <AIXPertEntry name="db_hostmibddmn" function="dishostmibddmn">
    <AIXPertRuleType type="DB"/>
    <AIXPertDescription catalog="pscexpert.cat" setNum="207" msgNum="37">Disable HOSTMIBD daemon: Stops HOSTMIBD daemon and comments it's entry in /etc/rc.tcpip.</AIXPertDescription>
    <AIXPertPrereqList>bos.rte.ILS,bos.net.tcp.smit,bos.rte.shell,bos.rte.date,bos.rte.commands</AIXPertPrereqList>
    <AIXPertCommand>/etc/security/pscexpert/bin/rctcpip</AIXPertCommand>
    <AIXPertArgs>hostmibd d db_dishostmibddmn</AIXPertArgs>
    <AIXPertGroup>/etc/rc.tcpip Settings</AIXPertGroup>
  </AIXPertEntry>

  <AIXPertEntry name="db_disdpid2dmn" function="disdpid2dmn">
    <AIXPertRuleType type="DB"/>
    <AIXPertDescription catalog="pscexpert.cat" setNum="207" msgNum="38">Disable unnecessary and insecure services: Disable DPID2 daemon: Stops DPID2 daemon and comments it's entry in /etc/rc.tcpip.</AIXPertDescription>
    <AIXPertPrereqList>bos.rte.ILS,bos.net.tcp.smit,bos.rte.shell,bos.rte.date,bos.rte.commands</AIXPertPrereqList>
    <AIXPertCommand>/etc/security/pscexpert/bin/rctcpip</AIXPertCommand>
    <AIXPertArgs>dpid2 d db_disdpid2dmn</AIXPertArgs>
    <AIXPertGroup>/etc/rc.tcpip Settings</AIXPertGroup>
  </AIXPertEntry>

  <AIXPertEntry name="db_disdhcpserv" function="disdhcpserv">
    <AIXPertRuleType type="DB"/>
    <AIXPertDescription catalog="pscexpert.cat" setNum="207" msgNum="39">Disable DHCP Server: Stops DHCP server daemon and comments it's entry in /etc/rc.tcpip.</AIXPertDescription>
    <AIXPertPrereqList>bos.rte.ILS,bos.net.tcp.smit,bos.rte.shell,bos.rte.date,bos.rte.commands</AIXPertPrereqList>
    <AIXPertCommand>/etc/security/pscexpert/bin/rctcpip</AIXPertCommand>
    <AIXPertArgs>dhcpsd d db_disdhcpserv</AIXPertArgs>
    <AIXPertGroup>/etc/rc.tcpip Settings</AIXPertGroup>
  </AIXPertEntry>

  <AIXPertEntry name="db_disdhcpagent" function="disdhcpagent">
    <AIXPertRuleType type="DB"/>
    <AIXPertDescription catalog="pscexpert.cat" setNum="207" msgNum="40">Disable unnecessary and insecure services: Disable DHCP Agent: Stops DHCP relay agent and comments it's entry in /etc/rc.tcpip.</AIXPertDescription>
    <AIXPertPrereqList>bos.rte.ILS,bos.net.tcp.smit,bos.rte.shell,bos.rte.date,bos.rte.commands</AIXPertPrereqList>
    <AIXPertCommand>/etc/security/pscexpert/bin/rctcpip</AIXPertCommand>
    <AIXPertArgs>dhcprd d db_disdhcpagent</AIXPertArgs>
    <AIXPertGroup>/etc/rc.tcpip Settings</AIXPertGroup>
  </AIXPertEntry>

  <AIXPertEntry name="db_shell" function="shell">
    <AIXPertRuleType type="DB"/>
    <AIXPertDescription catalog="pscexpert.cat" setNum="207" msgNum="41">Disable unnecessary and insecure services: Disable rshd daemon: Comments the entry for rshd daemon in /etc/inetd.conf and kills all instances of rshd.</AIXPertDescription>
    <AIXPertPrereqList>bos.rte.ILS,bos.rte.SRC,bos.rte.date,bos.rte.shell,bos.rte.commands</AIXPertPrereqList>
    <AIXPertCommand>/etc/security/pscexpert/bin/cominetdconf</AIXPertCommand>
    <AIXPertArgs>shell tcp d db_shell</AIXPertArgs>
    <AIXPertGroup>/etc/inetd.conf Settings</AIXPertGroup>
  </AIXPertEntry>

  <AIXPertEntry name="db_rlogin" function="rlogin">
    <AIXPertRuleType type="DB"/>
    <AIXPertDescription catalog="pscexpert.cat" setNum="207" msgNum="42">Disable unnecessary and insecure services: Disable rlogind in /etc/inetd.conf: Comments the entry for rlogind daemon in /etc/inetd.conf and kills all instances of rlogind.</AIXPertDescription>
    <AIXPertPrereqList>bos.rte.ILS,bos.rte.SRC,bos.rte.date,bos.rte.shell,bos.rte.commands</AIXPertPrereqList>
    <AIXPertCommand>/etc/security/pscexpert/bin/cominetdconf</AIXPertCommand>
    <AIXPertArgs>login tcp d db_rlogin</AIXPertArgs>
    <AIXPertGroup>/etc/inetd.conf Settings</AIXPertGroup>
  </AIXPertEntry>

  <AIXPertEntry name="db_rexecd" function="rexecd">
    <AIXPertRuleType type="DB"/>
    <AIXPertDescription catalog="pscexpert.cat" setNum="207" msgNum="43">Disable unnecessary and insecure services: Disable rexecd in /etc/inetd.conf: Comments the entry for rexecd daemon in /etc/inetd.conf and kills all instances of rexecd.</AIXPertDescription>
    <AIXPertPrereqList>bos.rte.ILS,bos.rte.SRC,bos.rte.date,bos.rte.shell,bos.rte.commands</AIXPertPrereqList>
    <AIXPertCommand>/etc/security/pscexpert/bin/cominetdconf</AIXPertCommand>
    <AIXPertArgs>exec tcp d db_rexecd</AIXPertArgs>
    <AIXPertGroup>/etc/inetd.conf Settings</AIXPertGroup>
  </AIXPertEntry>

  <AIXPertEntry name="db_comsat" function="comsat">
    <AIXPertRuleType type="DB"/>
    <AIXPertDescription catalog="pscexpert.cat" setNum="207" msgNum="44">Disable unnecessary and insecure services: Disable comsat in /etc/inetd.conf: Comments the entry for comsat daemon in /etc/inetd.conf and kills all instances of comsat.</AIXPertDescription>
    <AIXPertPrereqList>bos.rte.ILS,bos.rte.SRC,bos.rte.date,bos.rte.shell,bos.rte.commands</AIXPertPrereqList>
    <AIXPertCommand>/etc/security/pscexpert/bin/cominetdconf</AIXPertCommand>
    <AIXPertArgs>comsat udp d db_comsat</AIXPertArgs>
    <AIXPertGroup>/etc/inetd.conf Settings</AIXPertGroup>
  </AIXPertEntry>

  <AIXPertEntry name="db_fingerd" function="fingerd">
    <AIXPertRuleType type="DB"/>
    <AIXPertDescription catalog="pscexpert.cat" setNum="207" msgNum="45">Disable unnecessary and insecure services. Disable fingerd in /etc/inetd.conf: Comments the entry for fingerd daemon in /etc/inetd.conf and kills all instances of fingerd.</AIXPertDescription>
    <AIXPertPrereqList>bos.rte.ILS,bos.rte.SRC,bos.rte.date,bos.rte.shell,bos.rte.commands</AIXPertPrereqList>
    <AIXPertCommand>/etc/security/pscexpert/bin/cominetdconf</AIXPertCommand>
    <AIXPertArgs>finger tcp d db_fingerd</AIXPertArgs>
    <AIXPertGroup>/etc/inetd.conf Settings</AIXPertGroup>
  </AIXPertEntry>

  <AIXPertEntry name="db_systat" function="systat">
    <AIXPertRuleType type="DB"/>
    <AIXPertDescription catalog="pscexpert.cat" setNum="207" msgNum="46">Disable unnecessary and insecure services: Disable systat in /etc/inetd.conf: Comments the entry for systat daemon in /etc/inetd.conf and kills all instances of systat.</AIXPertDescription>
    <AIXPertPrereqList>bos.rte.ILS,bos.rte.SRC,bos.rte.date,bos.rte.shell,bos.rte.commands</AIXPertPrereqList>
    <AIXPertCommand>/etc/security/pscexpert/bin/cominetdconf</AIXPertCommand>
    <AIXPertArgs>systat tcp d db_systat</AIXPertArgs>
    <AIXPertGroup>/etc/inetd.conf Settings</AIXPertGroup>
  </AIXPertEntry>

  <AIXPertEntry name="db_netstat" function="netstat">
    <AIXPertRuleType type="DB"/>
    <AIXPertDescription catalog="pscexpert.cat" setNum="207" msgNum="47">Disable netstat in /etc/inetd.conf: Comments the entry for netstat daemon in /etc/inetd.conf and stops instances of netstat.</AIXPertDescription>
    <AIXPertPrereqList>bos.rte.ILS,bos.rte.SRC,bos.rte.date,bos.rte.shell,bos.rte.commands</AIXPertPrereqList>
    <AIXPertCommand>/etc/security/pscexpert/bin/cominetdconf</AIXPertCommand>
    <AIXPertArgs>netstat tcp d db_netstat</AIXPertArgs>
    <AIXPertGroup>/etc/inetd.conf Settings</AIXPertGroup>
  </AIXPertEntry>

  <AIXPertEntry name="db_tftp" function="tftp">
    <AIXPertRuleType type="DB"/>
    <AIXPertDescription catalog="pscexpert.cat" setNum="207" msgNum="48">Disable unnecessary and insecure services: Disable tftpd in /etc/inetd.conf: Comments the entry for tftpd daemon in /etc/inetd.conf and kills all instances of tftpd.</AIXPertDescription>
    <AIXPertPrereqList>bos.rte.ILS,bos.rte.SRC,bos.rte.date,bos.rte.shell,bos.rte.commands</AIXPertPrereqList>
    <AIXPertCommand>/etc/security/pscexpert/bin/cominetdconf</AIXPertCommand>
    <AIXPertArgs>tftp udp d db_tftp</AIXPertArgs>
    <AIXPertGroup>/etc/inetd.conf Settings</AIXPertGroup>
  </AIXPertEntry>

  <AIXPertEntry name="db_talk" function="talk">
    <AIXPertRuleType type="DB"/>
    <AIXPertDescription catalog="pscexpert.cat" setNum="207" msgNum="49">Disable unnecessary and insecure services: Disable talkd in /etc/inetd.conf: Comments the entry for talkd daemon in /etc/inetd.conf and kills all instances of talkd.</AIXPertDescription>
    <AIXPertPrereqList>bos.rte.ILS,bos.rte.SRC,bos.rte.date,bos.rte.shell,bos.rte.commands</AIXPertPrereqList>
    <AIXPertCommand>/etc/security/pscexpert/bin/cominetdconf</AIXPertCommand>
    <AIXPertArgs>talk udp d db_talk</AIXPertArgs>
    <AIXPertGroup>/etc/inetd.conf Settings</AIXPertGroup>
  </AIXPertEntry>

  <AIXPertEntry name="db_rquotad" function="rquotad">
    <AIXPertRuleType type="DB"/>
    <AIXPertDescription catalog="pscexpert.cat" setNum="207" msgNum="50">Disable unnecessary and insecure services: Disable rquotad in /etc/inetd.conf: Comments the entry for rquotad daemon in /etc/inetd.conf and kills all instances of rquotad.</AIXPertDescription>
    <AIXPertPrereqList>bos.rte.ILS,bos.rte.SRC,bos.rte.date,bos.rte.shell,bos.rte.commands</AIXPertPrereqList>
    <AIXPertCommand>/etc/security/pscexpert/bin/cominetdconf</AIXPertCommand>
    <AIXPertArgs>rquotad udp d db_rquotad</AIXPertArgs>
    <AIXPertGroup>/etc/inetd.conf Settings</AIXPertGroup>
  </AIXPertEntry>

  <AIXPertEntry name="db_rstatd" function="rstatd">
    <AIXPertRuleType type="DB"/>
    <AIXPertDescription catalog="pscexpert.cat" setNum="207" msgNum="51">Disable unnecessary and insecure services. Disable rstatd in /etc/inetd.conf: Comments the entry for rstatd daemon in /etc/inetd.conf and kills all instances of rstatd.</AIXPertDescription>
    <AIXPertPrereqList>bos.rte.ILS,bos.rte.SRC,bos.rte.date,bos.rte.shell,bos.rte.commands</AIXPertPrereqList>
    <AIXPertCommand>/etc/security/pscexpert/bin/cominetdconf</AIXPertCommand>
    <AIXPertArgs>rstatd udp d db_rstatd</AIXPertArgs>
    <AIXPertGroup>/etc/inetd.conf Settings</AIXPertGroup>
  </AIXPertEntry>

  <AIXPertEntry name="db_rusersd" function="rusersd">
    <AIXPertRuleType type="DB"/>
    <AIXPertDescription catalog="pscexpert.cat" setNum="207" msgNum="52">Disable unnecessary and insecure services: Disable rusersd in /etc/inetd.conf: Comments the entry for rusersd daemon in /etc/inetd.conf and kills all instances of rusersd.</AIXPertDescription>
    <AIXPertPrereqList>bos.rte.ILS,bos.rte.SRC,bos.rte.date,bos.rte.shell,bos.rte.commands</AIXPertPrereqList>
    <AIXPertCommand>/etc/security/pscexpert/bin/cominetdconf</AIXPertCommand>
    <AIXPertArgs>rusersd udp d db_rusersd</AIXPertArgs>
    <AIXPertGroup>/etc/inetd.conf Settings</AIXPertGroup>
  </AIXPertEntry>

  <AIXPertEntry name="db_rwalld" function="rwalld">
    <AIXPertRuleType type="DB"/>
    <AIXPertDescription catalog="pscexpert.cat" setNum="207" msgNum="53">Disable unnecessary and insecure services: Disable rwalld in /etc/inetd.conf: Comments the entry for rwalld daemon in /etc/inetd.conf and kills all instances of rwalld.</AIXPertDescription>
    <AIXPertPrereqList>bos.rte.ILS,bos.rte.SRC,bos.rte.date,bos.rte.shell,bos.rte.commands</AIXPertPrereqList>
    <AIXPertCommand>/etc/security/pscexpert/bin/cominetdconf</AIXPertCommand>
    <AIXPertArgs>rwalld udp d db_rwalld</AIXPertArgs>
    <AIXPertGroup>/etc/inetd.conf Settings</AIXPertGroup>
  </AIXPertEntry>

  <AIXPertEntry name="db_sprayd" function="sprayd">
    <AIXPertRuleType type="DB"/>
    <AIXPertDescription catalog="pscexpert.cat" setNum="207" msgNum="54">Disable unnecessary and insecure services: Disable sprayd in /etc/inetd.conf: Comments the entry for sprayd daemon in /etc/inetd.conf and kills all instances of sprayd.</AIXPertDescription>
    <AIXPertPrereqList>bos.rte.ILS,bos.rte.SRC,bos.rte.date,bos.rte.shell,bos.rte.commands</AIXPertPrereqList>
    <AIXPertCommand>/etc/security/pscexpert/bin/cominetdconf</AIXPertCommand>
    <AIXPertArgs>sprayd udp d db_sprayd</AIXPertArgs>
    <AIXPertGroup>/etc/inetd.conf Settings</AIXPertGroup>
  </AIXPertEntry>

  <AIXPertEntry name="db_pcnfsd" function="pcnfsd">
    <AIXPertRuleType type="DB"/>
    <AIXPertDescription catalog="pscexpert.cat" setNum="207" msgNum="55">Disable unnecessary and insecure services: Disable pcnfsd in /etc/inetd.conf: Comments the entry for pcnfsd daemon in /etc/inetd.conf and kills all instances of pcnfsd.</AIXPertDescription>
    <AIXPertPrereqList>bos.rte.ILS,bos.rte.SRC,bos.rte.date,bos.rte.shell,bos.rte.commands</AIXPertPrereqList>
    <AIXPertCommand>/etc/security/pscexpert/bin/cominetdconf</AIXPertCommand>
    <AIXPertArgs>pcnfsd udp d db_pcnfsd</AIXPertArgs>
    <AIXPertGroup>/etc/inetd.conf Settings</AIXPertGroup>
  </AIXPertEntry>

  <AIXPertEntry name="db_tcpecho" function="tcpecho">
    <AIXPertRuleType type="DB"/>
    <AIXPertDescription catalog="pscexpert.cat" setNum="207" msgNum="56">Disable unnecessary and insecure services: Disable TCP echo service in /etc/inetd.conf: Comments the entry for TCP echo service in /etc/inetd.conf and kills all instances of echo(tcp).</AIXPertDescription>
    <AIXPertPrereqList>bos.rte.ILS,bos.rte.SRC,bos.rte.date,bos.rte.shell,bos.rte.commands</AIXPertPrereqList>
    <AIXPertCommand>/etc/security/pscexpert/bin/cominetdconf</AIXPertCommand>
    <AIXPertArgs>echo tcp d db_tcpecho</AIXPertArgs>
    <AIXPertGroup>/etc/inetd.conf Settings</AIXPertGroup>
  </AIXPertEntry>

  <AIXPertEntry name="db_tcpdiscard" function="tcpdiscard">
    <AIXPertRuleType type="DB"/>
    <AIXPertDescription catalog="pscexpert.cat" setNum="207" msgNum="57">Disable unnecessary and insecure services: Disable TCP discard service in /etc/inetd.conf: Comments the entry for TCP discard service in /etc/inetd.conf and kills all instances of discard(tcp).</AIXPertDescription>
    <AIXPertPrereqList>bos.rte.ILS,bos.rte.SRC,bos.rte.date,bos.rte.shell,bos.rte.commands</AIXPertPrereqList>
    <AIXPertCommand>/etc/security/pscexpert/bin/cominetdconf</AIXPertCommand>
    <AIXPertArgs>discard tcp d db_tcpdiscard</AIXPertArgs>
    <AIXPertGroup>/etc/inetd.conf Settings</AIXPertGroup>
  </AIXPertEntry>

  <AIXPertEntry name="db_tcpchargen" function="tcpchargen">
    <AIXPertRuleType type="DB"/>
    <AIXPertDescription catalog="pscexpert.cat" setNum="207" msgNum="58">Disable unnecessary and insecure services: Disable TCP chargen service in /etc/inetd.conf: Comments the entry for TCP chargen service in /etc/inetd.conf and kills all instances of chargen(tcp).</AIXPertDescription>
    <AIXPertPrereqList>bos.rte.ILS,bos.rte.SRC,bos.rte.date,bos.rte.shell,bos.rte.commands</AIXPertPrereqList>
    <AIXPertCommand>/etc/security/pscexpert/bin/cominetdconf</AIXPertCommand>
    <AIXPertArgs>chargen tcp d db_tcpchargen</AIXPertArgs>
    <AIXPertGroup>/etc/inetd.conf Settings</AIXPertGroup>
  </AIXPertEntry>

  <AIXPertEntry name="db_tcpdaytime" function="tcpdaytime">
    <AIXPertRuleType type="DB"/>
    <AIXPertDescription catalog="pscexpert.cat" setNum="207" msgNum="59">Disable unnecessary and insecure services: Disable TCP daytime service in /etc/inetd.conf: Comments the entry for TCP daytime service in /etc/inetd.conf and kills all instances of daytime(tcp).</AIXPertDescription>
    <AIXPertPrereqList>bos.rte.ILS,bos.rte.SRC,bos.rte.date,bos.rte.shell,bos.rte.commands</AIXPertPrereqList>
    <AIXPertCommand>/etc/security/pscexpert/bin/cominetdconf</AIXPertCommand>
    <AIXPertArgs>daytime tcp d db_tcpdaytime</AIXPertArgs>
    <AIXPertGroup>/etc/inetd.conf Settings</AIXPertGroup>
  </AIXPertEntry>

  <AIXPertEntry name="db_tcptime" function="tcptime">
    <AIXPertRuleType type="DB"/>
    <AIXPertDescription catalog="pscexpert.cat" setNum="207" msgNum="60">Disable unnecessary and insecure services: Disable TCP time service in /etc/inetd.conf: Comments the entry for TCP time service in /etc/inetd.conf and kills all instances of timed(tcp).</AIXPertDescription>
    <AIXPertPrereqList>bos.rte.ILS,bos.rte.SRC,bos.rte.date,bos.rte.shell,bos.rte.commands</AIXPertPrereqList>
    <AIXPertCommand>/etc/security/pscexpert/bin/cominetdconf</AIXPertCommand>
    <AIXPertArgs>time tcp d db_tcptime</AIXPertArgs>
    <AIXPertGroup>/etc/inetd.conf Settings</AIXPertGroup>
  </AIXPertEntry>

  <AIXPertEntry name="db_udpecho" function="udpecho">
    <AIXPertRuleType type="DB"/>
    <AIXPertDescription catalog="pscexpert.cat" setNum="207" msgNum="61">Disable unnecessary and insecure services: Disable UDP echo service in /etc/inetd.conf: Comments the entry for UDP echo service in /etc/inetd.conf and kills all instances of echo(udp).</AIXPertDescription>
    <AIXPertPrereqList>bos.rte.ILS,bos.rte.SRC,bos.rte.date,bos.rte.shell,bos.rte.commands</AIXPertPrereqList>
    <AIXPertCommand>/etc/security/pscexpert/bin/cominetdconf</AIXPertCommand>
    <AIXPertArgs>echo udp d db_udpecho</AIXPertArgs>
    <AIXPertGroup>/etc/inetd.conf Settings</AIXPertGroup>
  </AIXPertEntry>

  <AIXPertEntry name="db_udpdiscard" function="udpdiscard">
    <AIXPertRuleType type="DB"/>
    <AIXPertDescription catalog="pscexpert.cat" setNum="207" msgNum="62">Disable unnecessary and insecure services: Disable UDP discard service in /etc/inetd.conf: Comments the entry for UDP discard service in /etc/inetd.conf and kills all instances of discard(udp).</AIXPertDescription>
    <AIXPertPrereqList>bos.rte.ILS,bos.rte.SRC,bos.rte.date,bos.rte.shell,bos.rte.commands</AIXPertPrereqList>
    <AIXPertCommand>/etc/security/pscexpert/bin/cominetdconf</AIXPertCommand>
    <AIXPertArgs>discard udp d db_udpdiscard</AIXPertArgs>
    <AIXPertGroup>/etc/inetd.conf Settings</AIXPertGroup>
  </AIXPertEntry>

  <AIXPertEntry name="db_udpchargen" function="udpchargen">
    <AIXPertRuleType type="DB"/>
    <AIXPertDescription catalog="pscexpert.cat" setNum="207" msgNum="63">Disable unnecessary and insecure services: Disable UDP chargen service in /etc/inetd.conf: Comments the entry for UDP chargen service in /etc/inetd.conf and kills all instances of chargen(udp).</AIXPertDescription>
    <AIXPertPrereqList>bos.rte.ILS,bos.rte.SRC,bos.rte.date,bos.rte.shell,bos.rte.commands</AIXPertPrereqList>
    <AIXPertCommand>/etc/security/pscexpert/bin/cominetdconf</AIXPertCommand>
    <AIXPertArgs>chargen udp d db_udpchargen</AIXPertArgs>
    <AIXPertGroup>/etc/inetd.conf Settings</AIXPertGroup>
  </AIXPertEntry>

  <AIXPertEntry name="db_udpdaytime" function="udpdaytime">
    <AIXPertRuleType type="DB"/>
    <AIXPertDescription catalog="pscexpert.cat" setNum="207" msgNum="64">Disable unnecessary and insecure services: Disable UDP daytime service in /etc/inetd.conf: Comments the entry for UDP daytime service in /etc/inetd.conf and stops the daytime(udp) service.</AIXPertDescription>
    <AIXPertPrereqList>bos.rte.ILS,bos.rte.SRC,bos.rte.date,bos.rte.shell,bos.rte.commands</AIXPertPrereqList>
    <AIXPertCommand>/etc/security/pscexpert/bin/cominetdconf</AIXPertCommand>
    <AIXPertArgs>daytime udp d db_udpdaytime</AIXPertArgs>
    <AIXPertGroup>/etc/inetd.conf Settings</AIXPertGroup>
  </AIXPertEntry>

  <AIXPertEntry name="db_udptime" function="udptime">
    <AIXPertRuleType type="DB"/>
    <AIXPertDescription catalog="pscexpert.cat" setNum="207" msgNum="65">Disable unnecessary and insecure services: Disable UDP time service in /etc/inetd.conf: Comments the entry for UDP time service in /etc/inetd.conf and stops the time(udp) service.</AIXPertDescription>
    <AIXPertPrereqList>bos.rte.ILS,bos.rte.SRC,bos.rte.date,bos.rte.shell,bos.rte.commands</AIXPertPrereqList>
    <AIXPertCommand>/etc/security/pscexpert/bin/cominetdconf</AIXPertCommand>
    <AIXPertArgs>time udp d db_udptime</AIXPertArgs>
    <AIXPertGroup>/etc/inetd.conf Settings</AIXPertGroup>
  </AIXPertEntry>

  <AIXPertEntry name="db_ftp" function="ftp">
    <AIXPertRuleType type="DB"/>
    <AIXPertDescription catalog="pscexpert.cat" setNum="207" msgNum="66">Disable unnecessary and insecure services: Disable ftpd: Comments the entry for ftpd daemon in /etc/inetd.conf and stops ftpd daemon.</AIXPertDescription>
    <AIXPertPrereqList>bos.rte.ILS,bos.rte.SRC,bos.rte.date,bos.rte.shell,bos.rte.commands</AIXPertPrereqList>
    <AIXPertCommand>/etc/security/pscexpert/bin/cominetdconf</AIXPertCommand>
    <AIXPertArgs>ftp tcp d db_ftp</AIXPertArgs>
    <AIXPertGroup>/etc/inetd.conf Settings</AIXPertGroup>
  </AIXPertEntry>

  <AIXPertEntry name="db_telnet" function="telnet">
    <AIXPertRuleType type="DB"/>
    <AIXPertDescription catalog="pscexpert.cat" setNum="207" msgNum="67">Disable unnecessary and insecure services: Disable telnetd: Comments the entry for telnetd daemon in /etc/inetd.conf and stops telnetd daemon.</AIXPertDescription>
    <AIXPertPrereqList>bos.rte.ILS,bos.rte.SRC,bos.rte.date,bos.rte.shell,bos.rte.commands</AIXPertPrereqList>
    <AIXPertCommand>/etc/security/pscexpert/bin/cominetdconf</AIXPertCommand>
    <AIXPertArgs>telnet tcp d db_telnet</AIXPertArgs>
    <AIXPertGroup>/etc/inetd.conf Settings</AIXPertGroup>
  </AIXPertEntry>

  <AIXPertEntry name="db_dtspc" function="dtspc">
    <AIXPertRuleType type="DB"/>
    <AIXPertDescription catalog="pscexpert.cat" setNum="207" msgNum="68">Disable unnecessary and insecure services: Disable dtspcd: Comments the entry for dtspcd daemon in /etc/inetd.conf when LFT is not configured and CDE is disabled in /etc/inittab.</AIXPertDescription>
    <AIXPertPrereqList>bos.rte.methods,bos.rte.ILS,bos.rte.SRC,bos.rte.date,bos.rte.shell,bos.rte.commands,prereqlft,prereqcde</AIXPertPrereqList>
    <AIXPertCommand>/etc/security/pscexpert/bin/cominetdconf</AIXPertCommand>
    <AIXPertArgs>dtspc tcp d db_dtspc</AIXPertArgs>
    <AIXPertGroup>/etc/inetd.conf Settings</AIXPertGroup>
  </AIXPertEntry>

  <AIXPertEntry name="db_ttdbserver" function="ttdbserver">
    <AIXPertRuleType type="DB"/>
    <AIXPertDescription catalog="pscexpert.cat" setNum="207" msgNum="69">Disable unnecessary and insecure services: Disable ttdbserver service in /etc/inetd.conf: Comments the entry for ttdbserver service in /etc/inetd.conf and kills all instances of ttdbserver service.</AIXPertDescription>
    <AIXPertPrereqList>bos.rte.methods,bos.rte.ILS,bos.rte.SRC,bos.rte.date,bos.rte.shell,bos.rte.commands,prereqlft,prereqcde</AIXPertPrereqList>
    <AIXPertCommand>/etc/security/pscexpert/bin/cominetdconf</AIXPertCommand>
    <AIXPertArgs>ttdbserver tcp d db_ttdbserver</AIXPertArgs>
    <AIXPertGroup>/etc/inetd.conf Settings</AIXPertGroup>
  </AIXPertEntry>

  <AIXPertEntry name="db_cmsd" function="cmsd">
    <AIXPertRuleType type="DB"/>
    <AIXPertDescription catalog="pscexpert.cat" setNum="207" msgNum="70">Disable unnecessary and insecure services: Disable cmsd service in /etc/inetd.conf: Comments the entry for cmsd service in /etc/inetd.conf and kills all instances of cmsd service.</AIXPertDescription>
    <AIXPertPrereqList>bos.rte.methods,bos.rte.ILS,bos.rte.SRC,bos.rte.date,bos.rte.shell,bos.rte.commands,prereqlft,prereqcde</AIXPertPrereqList>
    <AIXPertCommand>/etc/security/pscexpert/bin/cominetdconf</AIXPertCommand>
    <AIXPertArgs>cmsd udp d db_cmsd</AIXPertArgs>
    <AIXPertGroup>/etc/inetd.conf Settings</AIXPertGroup>
  </AIXPertEntry>

  <AIXPertEntry name="db_rmsuidfrmrcmds" function="rmsuidfrmrcmds">
    <AIXPertRuleType type="DB"/>
    <AIXPertDescription catalog="pscexpert.cat" setNum="207" msgNum="71">Removes SUID from remote commands: Removes SUID from remote commands rcp, rdist, rexec, remsh, rlogin, and rsh.</AIXPertDescription>
    <AIXPertPrereqList>bos.rte.ILS,bos.rte.date,bos.rte.shell,bos.rte.commands,bos.rte.control</AIXPertPrereqList>
    <AIXPertCommand>/etc/security/pscexpert/bin/rmsuidfrmrcmds</AIXPertCommand>
    <AIXPertArgs>r db_rmsuidfrmrcmds</AIXPertArgs>
    <AIXPertGroup>Disable SUID of commands</AIXPertGroup>
  </AIXPertEntry>

  <AIXPertEntry name="db_enablenfs" function="enablenfs">
    <AIXPertRuleType type="DB"/>
    <AIXPertDescription catalog="pscexpert.cat" setNum="207" msgNum="72">Enable NFS daemon: Enables NFS mounts, starts NFS daemons and enables NFS from startup.</AIXPertDescription>
    <AIXPertPrereqList>bos.rte,bos.net.nfs.client</AIXPertPrereqList>
    <AIXPertCommand>/etc/security/pscexpert/bin/nfsconfig</AIXPertCommand>
    <AIXPertArgs>e db_enablenfs</AIXPertArgs>
    <AIXPertGroup>Disable remote services</AIXPertGroup>
  </AIXPertEntry>

  <AIXPertEntry name="db_disrmtcmds" function="disrmtcmds">
    <AIXPertRuleType type="DB"/>
    <AIXPertDescription catalog="pscexpert.cat" setNum="207" msgNum="73">Disable unsecure commands: Disables unsecure commands rlogin, rsh, rcp, and tftp.</AIXPertDescription>
    <AIXPertPrereqList>bos.rte.commands,bos.rte.shell,bos.rte.security,bos.rte.ILS,bos.rte.odm,bos.rte.install,bos.rte.control</AIXPertPrereqList>
    <AIXPertCommand>/etc/security/pscexpert/bin/disrmtcmds</AIXPertCommand>
    <AIXPertArgs>d db_disrmtcmds</AIXPertArgs>
    <AIXPertGroup>Disable remote services</AIXPertGroup>
  </AIXPertEntry>

  <AIXPertEntry name="db_disrmtdmns" function="disrmtdmns">
    <AIXPertRuleType type="DB"/>
    <AIXPertDescription catalog="pscexpert.cat" setNum="207" msgNum="74">Disable unsecure daemons: Disables unsecure daemons rlogind, rshd, and tftpd.</AIXPertDescription>
    <AIXPertPrereqList>bos.rte.commands,bos.rte.shell,bos.rte.security,bos.rte.ILS,bos.rte.odm,bos.rte.install,bos.rte.control</AIXPertPrereqList>
    <AIXPertCommand>/etc/security/pscexpert/bin/disrmtdmns</AIXPertCommand>
    <AIXPertArgs>d db_disrmtdmns</AIXPertArgs>
    <AIXPertGroup>Disable remote services</AIXPertGroup>
  </AIXPertEntry>

  <AIXPertEntry name="db_rmrhostsnetrc" function="rmrhostsnetrc">
    <AIXPertRuleType type="DB"/>
    <AIXPertDescription catalog="pscexpert.cat" setNum="207" msgNum="75">Remove rhosts and netrc services: Removes .rhosts and .netrc files from user's home directory.</AIXPertDescription>
    <AIXPertPrereqList>bos.rte.security,bos.rte.shell,bos.rte.ILS,bos.rte.commands</AIXPertPrereqList>
    <AIXPertCommand>/etc/security/pscexpert/bin/rmrhostsnetrc</AIXPertCommand>
    <AIXPertArgs>h db_rmrhostsnetrc</AIXPertArgs>
    <AIXPertGroup>Remove unauthorized access</AIXPertGroup>
  </AIXPertEntry>

  <AIXPertEntry name="db_rmetchostsequiv" function="rmetchostsequiv">
    <AIXPertRuleType type="DB"/>
    <AIXPertDescription catalog="pscexpert.cat" setNum="207" msgNum="76">Remove entries from /etc/hosts.equiv file: Removes entries from /etc/hosts.equiv file.</AIXPertDescription>
    <AIXPertPrereqList>bos.rte.ILS,bos.rte.date,bos.rte.shell,bos.rte.commands</AIXPertPrereqList>
    <AIXPertCommand>/etc/security/pscexpert/bin/rmetchostsequiv</AIXPertCommand>
    <AIXPertArgs>db_rmetchostsequiv</AIXPertArgs>
    <AIXPertGroup>Remove unauthorized access</AIXPertGroup>
  </AIXPertEntry>

  <AIXPertEntry name="db_clean_partial_conns" function="clean_partial_conns">
    <AIXPertRuleType type="DB"/>
    <AIXPertDescription catalog="pscexpert.cat" setNum="207" msgNum="77">Network option clean_partial_conns: Set network option clean_partial_conns's value to 1.</AIXPertDescription>
    <AIXPertPrereqList>bos.rte.security,bos.rte.shell,bos.rte.ILS,bos.rte.commands,bos.rte.date</AIXPertPrereqList>
    <AIXPertCommand>/etc/security/pscexpert/bin/ntwkopts</AIXPertCommand>
    <AIXPertArgs>clean_partial_conns=1 s db_clean_partial_conns</AIXPertArgs>
    <AIXPertGroup>Tune network options</AIXPertGroup>
  </AIXPertEntry>

  <AIXPertEntry name="db_tcp_tcpsecure" function="tcp_tcpsecure">
    <AIXPertRuleType type="DB"/>
    <AIXPertDescription catalog="pscexpert.cat" setNum="207" msgNum="78">Network option tcp_tcpsecure: Set network option tcp_tcpsecure to 7. Protection against data RST and SYN attacks.</AIXPertDescription>
    <AIXPertPrereqList>bos.rte.security,bos.rte.shell,bos.rte.ILS,bos.rte.commands,bos.rte.date</AIXPertPrereqList>
    <AIXPertCommand>/etc/security/pscexpert/bin/ntwkopts</AIXPertCommand>
    <AIXPertArgs>tcp_tcpsecure=7 s db_tcp_tcpsecure</AIXPertArgs>
    <AIXPertGroup>Tune network options</AIXPertGroup>
  </AIXPertEntry>

  <AIXPertEntry name="db_ipsecshunhost" function="ipsecshunhost">
    <AIXPertRuleType type="DB"/>
    <AIXPertDescription catalog="pscexpert.cat" setNum="207" msgNum="79">Shun host for 5 minutes: Shuns the hosts for 5 minutes that tried to access un-used ports.</AIXPertDescription>
    <AIXPertPrereqList>bos.rte.ILS,bos.rte.date,bos.rte.shell,bos.rte.commands,bos.net.ipsec.keymgt,bos.net.ipsec.rte,prereqipsec</AIXPertPrereqList>
    <AIXPertCommand>/etc/security/pscexpert/bin/ipsecshunhosthls</AIXPertCommand>
    <AIXPertArgs>db_ipsecshunhost</AIXPertArgs>
    <AIXPertGroup>IPSec Filter Rules</AIXPertGroup>
  </AIXPertEntry>

  <AIXPertEntry name="db_ipsecshunports" function="ipsecshunports">
    <AIXPertRuleType type="DB"/>
    <AIXPertDescription catalog="pscexpert.cat" setNum="207" msgNum="80">Guard host against port scans: Shuns vulnerable ports for 5 minutes to guard the host against port scans.</AIXPertDescription>
    <AIXPertPrereqList>bos.rte.ILS,bos.rte.date,bos.rte.shell,bos.rte.commands,bos.net.ipsec.keymgt,bos.net.ipsec.rte,prereqipsec</AIXPertPrereqList>
    <AIXPertCommand>/etc/security/pscexpert/bin/ipsecshunports</AIXPertCommand>
    <AIXPertArgs>db_ipsecshunport</AIXPertArgs>
    <AIXPertGroup>IPSec Filter Rules</AIXPertGroup>
  </AIXPertEntry>

  <AIXPertEntry name="db_umask" function="umask">
    <AIXPertRuleType type="DB"/>
    <AIXPertDescription catalog="pscexpert.cat" setNum="207" msgNum="81">Object creation permissions: Specifies default object creation permissions to 022.</AIXPertDescription>
    <AIXPertPrereqList>bos.rte.date,bos.rte.commands,bos.rte.security,bos.rte.shell,bos.rte.ILS</AIXPertPrereqList>
    <AIXPertCommand>/etc/security/pscexpert/bin/chusrattr</AIXPertCommand>
    <AIXPertArgs>umask=22 ALL db_umask</AIXPertArgs>
    <AIXPertGroup>Miscellaneous Rules</AIXPertGroup>
  </AIXPertEntry>

  <AIXPertEntry name="db_limitsysacc" function="limitsysacc">
    <AIXPertRuleType type="DB"/>
    <AIXPertDescription catalog="pscexpert.cat" setNum="207" msgNum="82">Limit system access: Makes root the only user in cron.allow file and removes the cron.deny file.</AIXPertDescription>
    <AIXPertPrereqList>bos.rte.date,bos.rte.shell,bos.rte.commands,bos.rte.ILS</AIXPertPrereqList>
    <AIXPertCommand>/etc/security/pscexpert/bin/limitsysacc</AIXPertCommand>
    <AIXPertArgs>h db_limitsysacc</AIXPertArgs>
    <AIXPertGroup>Miscellaneous Rules</AIXPertGroup>
  </AIXPertEntry>
  <AIXPertEntry name="db_rmdotfrmpathroot" function="rmdotfrmpathroot">
    <AIXPertRuleType type="DB"/>
    <AIXPertDescription catalog="pscexpert.cat" setNum="207" msgNum="83">Remove dot from root path: Removes dot from PATH environment variable from files .profile, .kshrc, .cshrc and .login in root's home directory.</AIXPertDescription>
    <AIXPertPrereqList>bos.rte.ILS,bos.rte.date,bos.rte.shell,bos.rte.commands,bos.rte.security</AIXPertPrereqList>
    <AIXPertCommand>/etc/security/pscexpert/bin/rmdotfrmpathroot</AIXPertCommand>
    <AIXPertArgs>db_rmdotfrmpathroot</AIXPertArgs>
    <AIXPertGroup>Miscellaneous Rules</AIXPertGroup>
  </AIXPertEntry>

  <AIXPertEntry name="db_rmdotfrmpathnroot" function="rmdotfrmpathnroot">
    <AIXPertRuleType type="DB"/>
    <AIXPertDescription catalog="pscexpert.cat" setNum="207" msgNum="84">Remove dot from non-root path: Removes dot from PATH environment variable from files .profile, .kshrc, .cshrc, and .login in user's home directory.</AIXPertDescription>
    <AIXPertPrereqList>bos.rte.ILS,bos.rte.date,bos.rte.shell,bos.rte.security</AIXPertPrereqList>
    <AIXPertCommand>/etc/security/pscexpert/bin/rmdotfrmpathnroot</AIXPertCommand>
    <AIXPertArgs/>
    <AIXPertGroup>Miscellaneous Rules</AIXPertGroup>
  </AIXPertEntry>

  <AIXPertEntry name="db_chetcftpusers" function="chetcftpusers">
    <AIXPertRuleType type="DB"/>
    <AIXPertDescription catalog="pscexpert.cat" setNum="207" msgNum="85">Add root user in /etc/ftpusers file: Adds root username in /etc/ftpusers file.</AIXPertDescription>
    <AIXPertPrereqList>bos.rte.date,bos.rte.commands,bos.rte.shell,bos.rte.ILS</AIXPertPrereqList>
    <AIXPertCommand>/etc/security/pscexpert/bin/chetcftpusers</AIXPertCommand>
    <AIXPertArgs>a db_chetcftpusers</AIXPertArgs>
    <AIXPertGroup>Miscellaneous Rules</AIXPertGroup>
  </AIXPertEntry>

  <AIXPertEntry name="db_removeguest" function="removeguest">
    <AIXPertRuleType type="DB"/>
    <AIXPertDescription catalog="pscexpert.cat" setNum="207" msgNum="86">Remove guest account: Removes guest account and its files.</AIXPertDescription>
    <AIXPertPrereqList>bos.rte.date,bos.rte.commands,bos.rte.shell,bos.rte.ILS</AIXPertPrereqList>
    <AIXPertCommand>/etc/security/pscexpert/bin/execmds</AIXPertCommand>
    <AIXPertArgs>"rmuser guest; rm -rf /home/guest; ODMDIR=/etc/objrepos odmdelete -qloc0=/home/guest -o inventory"</AIXPertArgs>
    <AIXPertGroup>Miscellaneous Rules</AIXPertGroup>
  </AIXPertEntry>

  <AIXPertEntry name="db_sedconfig" function="sedconfig">
    <AIXPertRuleType type="DB"/>
    <AIXPertDescription catalog="pscexpert.cat" setNum="207" msgNum="87">Enable SED feature: Enable Stack Execution Disable feature.</AIXPertDescription>
    <AIXPertPrereqList>prereqsed,bos.rte.date,bos.rte.commands,bos.rte.shell,bos.rte.ILS</AIXPertPrereqList>
    <AIXPertCommand>/etc/security/pscexpert/bin/sedconfig</AIXPertCommand>
    <AIXPertArgs>db_sedconfig</AIXPertArgs>
    <AIXPertGroup>Miscellaneous Rules</AIXPertGroup>
  </AIXPertEntry>

  <AIXPertEntry name="db_rootpwdintchk" function="rootpwdintchk">
    <AIXPertRuleType type="DB"/>
    <AIXPertDescription catalog="pscexpert.cat" setNum="207" msgNum="88">Root Password Integrity Check: Makes sure that the root password being set is not weak.</AIXPertDescription>
    <AIXPertPrereqList>bos.rte.date,bos.rte.commands,bos.rte.security,bos.rte.shell,bos.rte.ILS</AIXPertPrereqList>
    <AIXPertCommand>/etc/security/pscexpert/bin/chuserstanza</AIXPertCommand>
    <AIXPertArgs>/etc/security/user dictionlist=/etc/security/aixpert/dictionary/English root db_rootpwdintchk</AIXPertArgs>
    <AIXPertGroup>Miscellaneous Rules</AIXPertGroup>
  </AIXPertEntry>

  <AIXPertEntry name="db_autologoff" function="autologoff">
    <AIXPertRuleType type="DB"/>
    <AIXPertDescription catalog="pscexpert.cat" setNum="207" msgNum="89">Set session idle time: Require the user to reenter password if the session is idle for more than 15 minutes.</AIXPertDescription>
    <AIXPertPrereqList>bos.rte.date,bos.rte.commands,bos.rte.security,bos.rte.shell,bos.rte.ILS</AIXPertPrereqList>
    <AIXPertCommand>/etc/security/pscexpert/bin/autologoff</AIXPertCommand>
    <AIXPertArgs>900 db_autologoff</AIXPertArgs>
    <AIXPertGroup>Miscellaneous Rules</AIXPertGroup>
  </AIXPertEntry>

  <AIXPertEntry name="db_tcptr" function="tcptr">
    <AIXPertRuleType type="DB"/>
    <AIXPertDescription catalog="pscexpert.cat" setNum="207" msgNum="90">TCP Traffic Regulation High: Enforces denial-of-service mitigation on popular ports.</AIXPertDescription>
    <AIXPertPrereqList></AIXPertPrereqList>
    <AIXPertCommand>/etc/security/pscexpert/bin/tcptr_aixpert</AIXPertCommand>
    <AIXPertArgs>db</AIXPertArgs>
    <AIXPertGroup>Tune network options</AIXPertGroup>
  </AIXPertEntry>
    <AIXPertEntry name="db_SecureLPM" function="SecureLPM">
    <AIXPertRuleType type="DB"/>
    <AIXPertDescription catalog="pscexpert.cat" setNum="207" msgNum="91">Enable automated IPSEC Tunnel creation between VIO Servers during live partition migration.</AIXPertDescription>
    <AIXPertPrereqList>clic.rte.kernext,bos.net.ipsec.rte,bos.net.ipsec.keymgt,ios.cli.rte</AIXPertPrereqList>
    <AIXPertCommand>/etc/security/pscexpert/bin/cfgsecmig</AIXPertCommand>
    <AIXPertArgs>on</AIXPertArgs>
    <AIXPertGroup>IPSEC Secure Partition Migration Group</AIXPertGroup>
  </AIXPertEntry>

  <AIXPertEntry name="db_ipsecpermit" function="ipsecpermit">
   <AIXPertRuleType type="DB"/>
   <AIXPertDescription catalog="pscexpert.cat" setNum="207" msgNum="92">Allow the packets from HMC.</AIXPertDescription>
   <AIXPertPrereqList>bos.rte.ILS,bos.rte.date,bos.rte.shell,bos.rte.commands,bos.net.ipsec.keymgt,bos.net.ipsec.rte,prereqipsec</AIXPertPrereqList>
   <AIXPertCommand>/etc/security/pscexpert/bin/ipsecpermithostorport</AIXPertCommand>
   <AIXPertArgs>PermitHost_IPSEC</AIXPertArgs>
   <AIXPertGroup>IPSec Filter Rules</AIXPertGroup>
  </AIXPertEntry>

  <AIXPertEntry name="db_sysintegrity" function="sysintegrity">
  <AIXPertRuleType type="DB"/>
  <AIXPertDescription catalog="pscexpert.cat" setNum="207" msgNum="93">Maintaining the system integrity by detecting, removing and protecting against known types of malicious software.</AIXPertDescription>
  <AIXPertPrereqList>bos.rte.date,bos.rte.commands,bos.rte.shell,bos.rte.ILS,prereqTE</AIXPertPrereqList>
  <AIXPertCommand>/etc/security/pscexpert/bin/manageITsecurity</AIXPertCommand>
  <AIXPertArgs>db_sysintegrity</AIXPertArgs>
  <AIXPertGroup>System Integrity verification</AIXPertGroup>
  </AIXPertEntry>

  <AIXPertEntry name="db_enableRbac" function="enableRbac">
  <AIXPertRuleType type="DB"/>
  <AIXPertDescription catalog="pscexpert.cat" setNum="207" msgNum="94">Enable RBAC by creating so, sa, and isso users with appropriate roles.</AIXPertDescription>
  <AIXPertPrereqList/>
  <AIXPertCommand>/etc/security/pscexpert/bin/EnableRbac</AIXPertCommand>
  <AIXPertArgs/>
  <AIXPertGroup/>
  </AIXPertEntry>

  <AIXPertEntry name="db_encryptNt_traffic" function="encryptNt_traffic">
  <AIXPertRuleType type="DB"/>
  <AIXPertDescription catalog="pscexpert.cat" setNum="207" msgNum="95">Encrypt the Network Traffic.</AIXPertDescription>
  <AIXPertPrereqList/>
  <AIXPertCommand>/etc/security/pscexpert/bin/GeneralMsg</AIXPertCommand>
  <AIXPertArgs>"enc"</AIXPertArgs>
  <AIXPertGroup/>
  </AIXPertEntry>

  <AIXPertEntry name="db_SecurityPatches" function="SecurityPatches">
  <AIXPertRuleType type="DB"/>
  <AIXPertDescription catalog="pscexpert.cat" setNum="207" msgNum="96">Apply all security patches related to Operating System.</AIXPertDescription>
  <AIXPertPrereqList/>
  <AIXPertCommand>/etc/security/pscexpert/bin/GeneralMsg</AIXPertCommand>
  <AIXPertArgs>"sec"</AIXPertArgs>
  <AIXPertGroup/>
  </AIXPertEntry>

</AIXPertSecurityHardening>
