<?xml version="1.0" encoding="UTF-8"?>
<!--    %Z%%M%  %I%  %W% %G% %U%

        COMPONENT_NAME:   (iceexpress) DoDv2_to_AIXDefault.xml

        FUNCTIONS:

        ORIGINS: 27                             -->

<AIXPertSecurityHardening>

  <AIXPertEntry name="prereqlh" function="prereqlh">
    <AIXPertRuleType type="Prereq"/>
    <AIXPertDescription catalog="pscexpert.cat" setNum="209" msgNum="1">Prereq rule for logindodherald: Checks whether herald value is set or not.</AIXPertDescription>
    <AIXPertPrereqList/>
    <AIXPertCommand>/etc/security/pscexpert/bin/prereqlh</AIXPertCommand>
    <AIXPertArgs/>
    <AIXPertGroup/>
  </AIXPertEntry>

  <AIXPertEntry name="prereqbinaudit" function="prereqbinaudit">
    <AIXPertRuleType type="Prereq"/>
    <AIXPertDescription catalog="pscexpert.cat" setNum="209" msgNum="2">Prereq rule for binaudit: Checks for available disk space to enable audit.</AIXPertDescription>
    <AIXPertPrereqList/>
    <AIXPertCommand>/etc/security/pscexpert/bin/prereqbinaudit</AIXPertCommand>
    <AIXPertArgs/>
    <AIXPertGroup/>
  </AIXPertEntry>

  <AIXPertEntry name="prereqda" function="prereqda">
    <AIXPertRuleType type="Prereq"/>
    <AIXPertDescription catalog="pscexpert.cat" setNum="209" msgNum="3">Prereq rule for disableacct: Adds /bin/false to shells in login.cfg, if it does not exist.</AIXPertDescription>
    <AIXPertPrereqList/>
    <AIXPertCommand>/etc/security/pscexpert/bin/prereqda</AIXPertCommand>
    <AIXPertArgs/>
    <AIXPertGroup/>
  </AIXPertEntry>

  <AIXPertEntry name="dodv2_logindodherald" function="logindodherald">
    <AIXPertRuleType type="DoDv2_DLS"/>
    <AIXPertDescription catalog="pscexpert.cat" setNum="209" msgNum="4">(GEN000400: CAT II) Set original login herald in default stanza, (GEN000410: CAT II): Remove DoD login banner in /etc/herald, (AIX00310: CAT II) Remove /etc/ftpaccess.ctl.</AIXPertDescription>
    <AIXPertPrereqList>bos.rte.security,bos.rte.shell,bos.rte.ILS,bos.rte.commands</AIXPertPrereqList>
    <AIXPertCommand>/etc/security/pscexpert/dodv2/dodv2loginherald</AIXPertCommand>
    <AIXPertArgs>d</AIXPertArgs>
    <AIXPertGroup>Miscellaneous Rules</AIXPertGroup>
  </AIXPertEntry>

  <AIXPertEntry name="dodv2_fpmdodfiles" function="fpmdodfiles">
    <AIXPertRuleType type="DoDv2_DLS"/>
    <AIXPertDescription catalog="pscexpert.cat" setNum="209" msgNum="5">(Multiple GEN items: CAT II) Change permissions of files and directories to AIX default.</AIXPertDescription>
    <AIXPertPrereqList>bos.rte.date,bos.rte.commands,bos.rte.shell,bos.rte.ILS</AIXPertPrereqList>
    <AIXPertCommand>/etc/security/pscexpert/dodv2/fpmdodfiles</AIXPertCommand>
    <AIXPertArgs>d</AIXPertArgs>
    <AIXPertGroup>Security Rules</AIXPertGroup>
  </AIXPertEntry>

  <AIXPertEntry name="dodv2_inetdservices" function="inetdservices">
    <AIXPertRuleType type="DoDv2_DLS"/>
    <AIXPertDescription catalog="pscexpert.cat" setNum="209" msgNum="6">(GEN000000-AIX0300,GEN003820-3860, GEN004800,GEN005140,GEN005280,GEN009140, GEN009160,GEN009180,GEN009190, GEN009200-9330: CAT I,II,III) Enable daemon and services: Uncomment entries in /etc/inetd.conf and re-start instances of daemon/services as applicable.</AIXPertDescription>
    <AIXPertPrereqList>bos.rte.ILS,bos.rte.SRC,bos.rte.date,bos.rte.shell,bos.rte.commands,bos.rte.control</AIXPertPrereqList>
    <AIXPertCommand>/etc/security/pscexpert/dodv2/inetdservices</AIXPertCommand>
    <AIXPertArgs>default</AIXPertArgs>
    <AIXPertGroup>Network Rules</AIXPertGroup>
  </AIXPertEntry>

  <AIXPertEntry name="dodv2_services" function="networkservices">
    <AIXPertRuleType type="DoDv2_DLS"/>
    <AIXPertDescription catalog="pscexpert.cat" setNum="209" msgNum="7">(GEN003700,GEN003810,GEN003815, GEN003865,GEN007840,GEN007850: CAT II) This rule will check and configure inetd, portmap services and DHCP client as per default settings.</AIXPertDescription>
    <AIXPertPrereqList>bos.rte.date,bos.rte.commands,bos.rte.shell,bos.rte.security,bos.rte.control,bos.rte.SRC,bos.rte.ILS</AIXPertPrereqList>
    <AIXPertCommand>/etc/security/pscexpert/dodv2/dodv2services</AIXPertCommand>
    <AIXPertArgs>d</AIXPertArgs>
    <AIXPertGroup>Network Rules</AIXPertGroup>
  </AIXPertEntry>

  <AIXPertEntry name="dodv2_coredumpdev" function="coredumpdev">
    <AIXPertRuleType type="DoDv2_DLS"/>
    <AIXPertDescription catalog="pscexpert.cat" setNum="209" msgNum="8">(GEN003510: CAT II) This rule enables kernel core dumps on the system.</AIXPertDescription>
    <AIXPertPrereqList>bos.rte.date,bos.rte.commands,bos.rte.security,bos.rte.shell,bos.rte.serv_aid,bos.rte.ILS</AIXPertPrereqList>
    <AIXPertCommand>/etc/security/pscexpert/dodv2/coredumpdev</AIXPertCommand>
    <AIXPertArgs>d</AIXPertArgs>
    <AIXPertGroup>Miscellaneous Rules</AIXPertGroup>
  </AIXPertEntry>

  <AIXPertEntry name="dodv2_SMTPuucode" function="SMTPuucode">
    <AIXPertRuleType type="DoDv2_DLS"/>
    <AIXPertDescription catalog="pscexpert.cat" setNum="209" msgNum="9">(GEN004640: CAT I) The SMTP service must not have a uudecode alias active.</AIXPertDescription>
   <AIXPertPrereqList>bos.rte.ILS,bos.rte.date,bos.rte.shell,bos.rte.commands</AIXPertPrereqList>
    <AIXPertCommand>/etc/security/pscexpert/dodv2/SMTPuucode</AIXPertCommand>
    <AIXPertArgs>a </AIXPertArgs>
    <AIXPertGroup> SMTP Setting </AIXPertGroup>
  </AIXPertEntry>

  <AIXPertEntry name="dodv2_account" function="account">
    <AIXPertRuleType type="DoDv2_DLS"/>
    <AIXPertDescription catalog="pscexpert.cat" setNum="209" msgNum="10">(GEN000340,GEN000360: CAT II) UIDs and GIDs reserved for system accounts must not be assigned to non-system accounts or non-system groups.</AIXPertDescription>
   <AIXPertPrereqList>bos.rte.ILS,bos.rte.date,bos.rte.shell,bos.rte.commands</AIXPertPrereqList>
    <AIXPertCommand>/etc/security/pscexpert/dodv2/account</AIXPertCommand>
    <AIXPertArgs>d </AIXPertArgs>
    <AIXPertGroup>User Group System and Password Definitions</AIXPertGroup>
  </AIXPertEntry>

  <AIXPertEntry name="dodv2_fipspasswd" function="fipspasswd">
    <AIXPertRuleType type="DoDv2_DLS"/>
    <AIXPertDescription catalog="pscexpert.cat" setNum="209" msgNum="11">(GEN000590,GEN000585,GEN000590: CAT II) The system must use a FIPS 140-2 approved cryptographic hashing algorithm for generating account password hashes.</AIXPertDescription>
   <AIXPertPrereqList>bos.rte.ILS,bos.rte.date,bos.rte.shell,bos.rte.commands</AIXPertPrereqList>
    <AIXPertCommand>/etc/security/pscexpert/dodv2/fipspasswd</AIXPertCommand>
    <AIXPertArgs>d </AIXPertArgs>
    <AIXPertGroup>Password policy rules</AIXPertGroup>
  </AIXPertEntry>

  <AIXPertEntry name="dodv2_lockacc_rlogin" function="lockacc_rlogin">
    <AIXPertRuleType type="DoDv2_DLS"/>
    <AIXPertDescription catalog="pscexpert.cat" setNum="209" msgNum="12">(GEN000740: CAT II) All non-interactive/automated processing account passwords must be changed at least once per year or be locked, (GEN002640: CAT II) Default system accounts must be disabled or removed, (GEN000280: CAT II) Direct logins must not be permitted to shared, default, application, or utility accounts, (GEN000290: CAT II) The system must not have unnecessary accounts.</AIXPertDescription>
   <AIXPertPrereqList>bos.rte.ILS,bos.rte.date,bos.rte.shell,bos.rte.commands</AIXPertPrereqList>
    <AIXPertCommand>/etc/security/pscexpert/dodv2/lockacc_rlogin</AIXPertCommand>
    <AIXPertArgs>d </AIXPertArgs>
    <AIXPertGroup>Login policy recommendations</AIXPertGroup>
  </AIXPertEntry>

  <AIXPertEntry name="dodv2_nfsoptions" function="nfsoptions">
    <AIXPertRuleType type="DoDv2_DLS"/>
    <AIXPertDescription catalog="pscexpert.cat" setNum="209" msgNum="13">(GEN005880: CAT II) The NFS server must not allow remote root access, (GEN005840: CAT II) The NFS server must be configured to restrict file system access to local hosts, (GEN005820: CAT II) The NFS anonymous UID and GID must be configured to values without permissions.</AIXPertDescription>
   <AIXPertPrereqList>bos.rte.ILS,bos.rte.date,bos.rte.shell,bos.rte.commands</AIXPertPrereqList>
    <AIXPertCommand>/etc/security/pscexpert/dodv2/nfsoptions</AIXPertCommand>
    <AIXPertArgs>a </AIXPertArgs>
    <AIXPertGroup>NFS options</AIXPertGroup>
  </AIXPertEntry>

  <AIXPertEntry name="dodv2_nosuid" function="nosuid">
    <AIXPertRuleType type="DoDv2_DLS"/>
    <AIXPertDescription catalog="pscexpert.cat" setNum="209" msgNum="14">(GEN005900: CAT II) The nosuid option must be enabled on all NFS client mounts.</AIXPertDescription>
   <AIXPertPrereqList>bos.rte.ILS,bos.rte.date,bos.rte.shell,bos.rte.commands</AIXPertPrereqList>
    <AIXPertCommand>/etc/security/pscexpert/dodv2/nosuid</AIXPertCommand>
    <AIXPertArgs>d </AIXPertArgs>
    <AIXPertGroup>NFS options</AIXPertGroup>
  </AIXPertEntry>

  <AIXPertEntry name="dodv2_remoteconsole" function="remoteconsole">
    <AIXPertRuleType type="DoDv2_DLS"/>
    <AIXPertDescription catalog="pscexpert.cat" setNum="209" msgNum="15">(GEN001000: CAT II) Remote consoles must be disabled or protected from unauthorized access.</AIXPertDescription>
   <AIXPertPrereqList>bos.rte.ILS,bos.rte.date,bos.rte.shell,bos.rte.commands</AIXPertPrereqList>
    <AIXPertCommand>/etc/security/pscexpert/dodv2/remoteconsole</AIXPertCommand>
    <AIXPertArgs>d </AIXPertArgs>
    <AIXPertGroup>Miscellaneous Rules</AIXPertGroup>
  </AIXPertEntry>

  <AIXPertEntry name="dodv2_tftp" function="tftp">
    <AIXPertRuleType type="DoDv2_DLS"/>
    <AIXPertDescription catalog="pscexpert.cat" setNum="209" msgNum="16">(GEN005120: CAT II) A dedicated TFTP user account, a non-login shell, such as /bin/false, and a home directory owned by the TFTP user, (GEN005080: CAT I) The TFTP daemon must operate in secure-mode which provides access only to a single directory on the host file system.</AIXPertDescription>
   <AIXPertPrereqList>bos.rte.shell,bos.rte.ILS,bos.rte.commands,bos.rte.date</AIXPertPrereqList>
    <AIXPertCommand>/etc/security/pscexpert/dodv2/tftpdod</AIXPertCommand>
    <AIXPertArgs>d </AIXPertArgs>
    <AIXPertGroup>Miscellaneous Rules</AIXPertGroup>
  </AIXPertEntry>

  <AIXPertEntry name="dodv2_loginout" function="loginout">
    <AIXPertRuleType type="DoDv2_DLS"/>
    <AIXPertDescription catalog="pscexpert.cat" setNum="209" msgNum="17">(GEN000740: CAT II) All non-interactive/automated processing account passwords must locked, (GEN000280: CAT II) Direct logins must not be permitted to shared or default or application or utility accounts, (GEN002640: CAT II) Default system accounts must be disabled or removed.</AIXPertDescription>
   <AIXPertPrereqList>bos.rte.ILS,bos.rte.date,bos.rte.shell,bos.rte.commands</AIXPertPrereqList>
    <AIXPertCommand>/etc/security/pscexpert/dodv2/loginout</AIXPertCommand>
    <AIXPertArgs>d </AIXPertArgs>
    <AIXPertGroup>User Group System and Password Definitions</AIXPertGroup>
  </AIXPertEntry>

  <AIXPertEntry name="dodv2_restore_ntwkopts" function="restore_ntwkopts">
    <AIXPertRuleType type="DoDv2_DLS"/>
    <AIXPertDescription catalog="pscexpert.cat" setNum="209" msgNum="18">(Multiple GEN items: CAT II) Restore the value of all network options changed via DoDv2.</AIXPertDescription>
   <AIXPertPrereqList>bos.rte.security,bos.rte.shell,bos.rte.ILS,bos.rte.commands,bos.rte.date</AIXPertPrereqList>
    <AIXPertCommand>/etc/security/pscexpert/dodv2/restore_ntwkoptsdod</AIXPertCommand>
    <AIXPertArgs></AIXPertArgs>
    <AIXPertGroup>Tune network options</AIXPertGroup>
  </AIXPertEntry>

  <AIXPertEntry name="dodv2_minother" function="minother">
    <AIXPertRuleType type="DoDv2_DLS"/>
    <AIXPertDescription catalog="pscexpert.cat" setNum="209" msgNum="19">(GEN000640: CAT II) Specifies the minimum number of non-alphabetic characters in a password to 1.</AIXPertDescription>
    <AIXPertPrereqList>bos.rte.date,bos.rte.commands,bos.rte.security,bos.rte.shell,bos.rte.ILS</AIXPertPrereqList>
    <AIXPertCommand>/etc/security/pscexpert/dodv2/chusrattrdod</AIXPertCommand>
    <AIXPertArgs>d minother ALL </AIXPertArgs>
    <AIXPertGroup>Password policy rules</AIXPertGroup>
  </AIXPertEntry>

  <AIXPertEntry name="dodv2_minspecialchar" function="minspecialchar">
    <AIXPertRuleType type="DoDv2_DLS"/>
    <AIXPertDescription catalog="pscexpert.cat" setNum="209" msgNum="20">(GEN000640: CAT II) The system must require that passwords contain at least one special character.</AIXPertDescription>
    <AIXPertPrereqList>bos.rte.date,bos.rte.commands,bos.rte.security,bos.rte.shell,bos.rte.ILS</AIXPertPrereqList>
    <AIXPertCommand>/etc/security/pscexpert/dodv2/chusrattrdod</AIXPertCommand>
    <AIXPertArgs>d minspecialchar ALL </AIXPertArgs>
    <AIXPertGroup>Password policy rules</AIXPertGroup>
  </AIXPertEntry>

  <AIXPertEntry name="dodv2_mindiff" function="mindiff">
    <AIXPertRuleType type="DoDv2_DLS"/>
    <AIXPertDescription catalog="pscexpert.cat" setNum="209" msgNum="21">(GEN000750: CAT II) Specifies the minimum number of characters required in a new password to 4 that were not in the old password.</AIXPertDescription>
    <AIXPertPrereqList>bos.rte.date,bos.rte.commands,bos.rte.security,bos.rte.shell,bos.rte.ILS</AIXPertPrereqList>
    <AIXPertCommand>/etc/security/pscexpert/dodv2/chusrattrdod</AIXPertCommand>
    <AIXPertArgs>d mindiff ALL </AIXPertArgs>
    <AIXPertGroup>Password policy rules</AIXPertGroup>
  </AIXPertEntry>

  <AIXPertEntry name="dodv2_defaultpwdintchk" function="defaultpwdintchk">
    <AIXPertRuleType type="DoDv2_DLS"/>
    <AIXPertDescription catalog="pscexpert.cat" setNum="209" msgNum="22">(GEN000790: CAT II) Default Password Integrity Check: Makes sure that the default password being set is not weak.</AIXPertDescription>
    <AIXPertPrereqList>bos.rte.date,bos.rte.commands,bos.rte.security,bos.rte.shell,bos.rte.ILS</AIXPertPrereqList>
    <AIXPertCommand>/etc/security/pscexpert/dodv2/chuserstanzadod</AIXPertCommand>
    <AIXPertArgs>d /etc/security/user dictionlist default</AIXPertArgs>
    <AIXPertGroup>Miscellaneous Rules</AIXPertGroup>
  </AIXPertEntry>

  <AIXPertEntry name="dodv2_chcronfiles" function="chcronfiles">
    <AIXPertRuleType type="DoDv2_DLS"/>
    <AIXPertDescription catalog="pscexpert.cat" setNum="209" msgNum="23">(GEN003280,GEN003300,GEN003320: CAT II) Configure at.allow and at.deny files.</AIXPertDescription>
    <AIXPertPrereqList>bos.rte.date,bos.rte.commands,bos.rte.shell,bos.rte.ILS</AIXPertPrereqList>
    <AIXPertCommand>/etc/security/pscexpert/dodv2/chcronfilesdod</AIXPertCommand>
    <AIXPertArgs>d </AIXPertArgs>
    <AIXPertGroup>Miscellaneous Rules</AIXPertGroup>
  </AIXPertEntry>

  <AIXPertEntry name="dodv2_logindelay" function="logindelay">
    <AIXPertRuleType type="DoDv2_DLS"/>
    <AIXPertDescription catalog="pscexpert.cat" setNum="209" msgNum="24">(GEN000480: CAT II) This rule will set logon delay to 4 seconds.</AIXPertDescription>
      <AIXPertPrereqList>bos.rte.security,bos.rte.date,bos.rte.commands,bos.rte.ILS,bos.rte.shell</AIXPertPrereqList>
    <AIXPertCommand>/etc/security/pscexpert/dodv2/chdefstanzadod</AIXPertCommand>
    <AIXPertArgs>d /etc/security/login.cfg logindelay default </AIXPertArgs>
    <AIXPertGroup>Login policy recommendations</AIXPertGroup>
  </AIXPertEntry>

  <AIXPertEntry name="dodv2_chdodftpusers" function="chdodftpusers">
    <AIXPertRuleType type="DoDv2_DLS"/>
    <AIXPertDescription catalog="pscexpert.cat" setNum="209" msgNum="25">(GEN004880,GEN004900: CAT II) This rule will ensure the ftpusers file exists.</AIXPertDescription>
    <AIXPertPrereqList>bos.rte.date,bos.rte.commands,bos.rte.shell,bos.rte.ILS</AIXPertPrereqList>
    <AIXPertCommand>/etc/security/pscexpert/dodv2/chdodftpusers</AIXPertCommand>
    <AIXPertArgs>d </AIXPertArgs>
    <AIXPertGroup>Miscellaneous Rules</AIXPertGroup>
  </AIXPertEntry>

  <AIXPertEntry name="dodv2_chetchostsfiles" function="chetchostsfiles">
    <AIXPertRuleType type="DoDv2_DLS"/>
    <AIXPertDescription catalog="pscexpert.cat" setNum="209" msgNum="26">(GEN006620: CAT II) This rule will configure hosts.deny and hosts.allow files.</AIXPertDescription>
    <AIXPertPrereqList>bos.rte.date,bos.rte.commands,bos.rte.shell,bos.rte.ILS</AIXPertPrereqList>
    <AIXPertCommand>/etc/security/pscexpert/dodv2/chetchostsdod</AIXPertCommand>
    <AIXPertArgs>d </AIXPertArgs>
    <AIXPertGroup>Miscellaneous Rules</AIXPertGroup>
  </AIXPertEntry>

  <AIXPertEntry name="dodv2_chsyslog" function="chsyslog">
    <AIXPertRuleType type="DoDv2_DLS"/>
    <AIXPertDescription catalog="pscexpert.cat" setNum="209" msgNum="27">(GEN003660,GEN004460: CAT II) This rule will log auth and info data.</AIXPertDescription>
    <AIXPertPrereqList>bos.rte.date,bos.rte.commands,bos.rte.shell,bos.rte.ILS</AIXPertPrereqList>
    <AIXPertCommand>/etc/security/pscexpert/dodv2/chsyslogdod</AIXPertCommand>
    <AIXPertArgs>d </AIXPertArgs>
    <AIXPertGroup>Miscellaneous Rules</AIXPertGroup>
  </AIXPertEntry>

  <AIXPertEntry name="dodv2_rootrlogin" function="rootrlogin">
    <AIXPertRuleType type="DoDv2_DLS"/>
    <AIXPertDescription catalog="pscexpert.cat" setNum="209" msgNum="28">(GEN000980: CAT II, GEN001100: CAT I) This rule will disable rlogin.</AIXPertDescription>
     <AIXPertPrereqList>bos.rte.security,bos.rte.date,bos.rte.commands,bos.rte.ILS,bos.rte.shell</AIXPertPrereqList>
    <AIXPertCommand>/etc/security/pscexpert/dodv2/chuserstanzadod</AIXPertCommand>
    <AIXPertArgs>d /etc/security/user rlogin root </AIXPertArgs>
    <AIXPertGroup>Login policy recommendations</AIXPertGroup>
  </AIXPertEntry>

  <AIXPertEntry name="dodv2_loginretries" function="loginretries">
    <AIXPertRuleType type="DoDv2_DLS"/>
    <AIXPertDescription catalog="pscexpert.cat" setNum="209" msgNum="29">(GEN000460: CAT II) This rule will lock account after 3 consecutive failed logon attempts.</AIXPertDescription>
    <AIXPertPrereqList>bos.rte.date,bos.rte.commands,bos.rte.security,bos.rte.shell,bos.rte.ILS</AIXPertPrereqList>
    <AIXPertCommand>/etc/security/pscexpert/dodv2/chusrattrdod</AIXPertCommand>
    <AIXPertArgs>d loginretries NONROOT </AIXPertArgs>
    <AIXPertGroup>Password policy rules</AIXPertGroup>
  </AIXPertEntry>

  <AIXPertEntry name="dodv2_minage" function="minage">
    <AIXPertRuleType type="DoDv2_DLS"/>
    <AIXPertDescription catalog="pscexpert.cat" setNum="209" msgNum="30">(GEN000540: CAT II) This rule will ensure the system global password configuration files are configured per password requirements.</AIXPertDescription>
    <AIXPertPrereqList>bos.rte.date,bos.rte.commands,bos.rte.security,bos.rte.shell,bos.rte.ILS</AIXPertPrereqList>
    <AIXPertCommand>/etc/security/pscexpert/dodv2/chusrattrdod</AIXPertCommand>
    <AIXPertArgs>d minage ALL </AIXPertArgs>
    <AIXPertGroup>Password policy rules</AIXPertGroup>
  </AIXPertEntry>

  <AIXPertEntry name="dodv2_minlen" function="minlen">
    <AIXPertRuleType type="DoDv2_DLS"/>
    <AIXPertDescription catalog="pscexpert.cat" setNum="209" msgNum="31">(GEN000580: CAT II) This rule will ensure all passwords contain a minimum of 14 characters.</AIXPertDescription>
    <AIXPertPrereqList>bos.rte.date,bos.rte.commands,bos.rte.security,bos.rte.shell,bos.rte.ILS</AIXPertPrereqList>
    <AIXPertCommand>/etc/security/pscexpert/dodv2/chusrattrdod</AIXPertCommand>
    <AIXPertArgs>d minlen ALL </AIXPertArgs>
    <AIXPertGroup>Password policy rules</AIXPertGroup>
  </AIXPertEntry>

  <AIXPertEntry name="dodv2_maxrepeats" function="maxrepeats">
    <AIXPertRuleType type="DoDv2_DLS"/>
    <AIXPertDescription catalog="pscexpert.cat" setNum="209" msgNum="32">(GEN000680: CAT II) This rule will ensure passwords contain no more than three consecutive repeating characters.</AIXPertDescription>
    <AIXPertPrereqList>bos.rte.date,bos.rte.commands,bos.rte.security,bos.rte.shell,bos.rte.ILS</AIXPertPrereqList>
    <AIXPertCommand>/etc/security/pscexpert/dodv2/chusrattrdod</AIXPertCommand>
    <AIXPertArgs>d maxrepeats ALL </AIXPertArgs>
    <AIXPertGroup>Password policy rules</AIXPertGroup>
  </AIXPertEntry>

  <AIXPertEntry name="dodv2_maxage" function="maxage">
    <AIXPertRuleType type="DoDv2_DLS"/>
    <AIXPertDescription catalog="pscexpert.cat" setNum="209" msgNum="33">(GEN000700: CAT II) This rule will ensure the system global password configuration files are configured per password requirements.</AIXPertDescription>
    <AIXPertPrereqList>bos.rte.date,bos.rte.commands,bos.rte.security,bos.rte.shell,bos.rte.ILS</AIXPertPrereqList>
    <AIXPertCommand>/etc/security/pscexpert/dodv2/chusrattrdod</AIXPertCommand>
    <AIXPertArgs>d maxage ALL </AIXPertArgs>
    <AIXPertGroup>Password policy rules</AIXPertGroup>
  </AIXPertEntry>

  <AIXPertEntry name="dodv2_histsize" function="histsize">
    <AIXPertRuleType type="DoDv2_DLS"/>
    <AIXPertDescription catalog="pscexpert.cat" setNum="209" msgNum="34">(GEN000800: CAT II) This rule will ensure passwords will not be reused from the previous five changes.</AIXPertDescription>
    <AIXPertPrereqList>bos.rte.date,bos.rte.commands,bos.rte.security,bos.rte.shell,bos.rte.ILS</AIXPertPrereqList>
    <AIXPertCommand>/etc/security/pscexpert/dodv2/chusrattrdod</AIXPertCommand>
    <AIXPertArgs>d histsize ALL </AIXPertArgs>
    <AIXPertGroup>Password policy rules</AIXPertGroup>
  </AIXPertEntry>

  <AIXPertEntry name="dodv2_sndmailhelpfile" function="sndmailhelpfile">
    <AIXPertRuleType type="DoDv2_DLS"/>
    <AIXPertDescription catalog="pscexpert.cat" setNum="209" msgNum="35">(GEN004540: CAT II) This rule will disable sendmail help command.</AIXPertDescription>
    <AIXPertPrereqList>bos.rte.date,bos.rte.commands,bos.rte.shell,bos.rte.ILS</AIXPertPrereqList>
    <AIXPertCommand>/etc/security/pscexpert/dodv2/sendmailhelp</AIXPertCommand>
    <AIXPertArgs>d</AIXPertArgs>
    <AIXPertGroup>Miscellaneous Rules</AIXPertGroup>
  </AIXPertEntry>

  <AIXPertEntry name="dodv2_dodaudit" function="dodaudit">
    <AIXPertRuleType type="DoDv2_DLS"/>
    <AIXPertDescription catalog="pscexpert.cat" setNum="209" msgNum="36">(GEN002660,GEN002720,GEN002740, GEN002760,GEN002800,GEN002820,GEN002825: CAT II, GEN002750,GEN002751,GEN002752,GEN002753: CAT III) Enable dodaudit: Enables bin auditing for DoD.</AIXPertDescription>
    <AIXPertPrereqList>bos.rte,prereqbinaudit</AIXPertPrereqList>
    <AIXPertCommand>/etc/security/pscexpert/dodv2/dodaudit</AIXPertCommand>
    <AIXPertArgs>d </AIXPertArgs>
    <AIXPertGroup>Audit policy recommendations</AIXPertGroup>
  </AIXPertEntry>

  <AIXPertEntry name="dodv2_mvhostsfiles" function="mvhostsfiles">
    <AIXPertRuleType type="DoDv2_DLS"/>
    <AIXPertDescription catalog="pscexpert.cat" setNum="209" msgNum="37">(GEN002040: CAT I) This rule will disable .rhosts and .shosts and hosts.equiv or shosts.equiv files.</AIXPertDescription>
    <AIXPertPrereqList>bos.rte.date,bos.rte.commands,bos.rte.shell,bos.rte.ILS</AIXPertPrereqList>
    <AIXPertCommand>/etc/security/pscexpert/dodv2/mvhostsfilesdod</AIXPertCommand>
    <AIXPertArgs>d </AIXPertArgs>
    <AIXPertGroup>Miscellaneous Rules</AIXPertGroup>
  </AIXPertEntry>

  <AIXPertEntry name="dodv2_disablecde" function="disablecde">
    <AIXPertRuleType type="DoDv2_DLS"/>
    <AIXPertDescription catalog="pscexpert.cat" setNum="209" msgNum="38">(GEN005260,GEN009340: CAT II) This rule will set X Window System connections and Xserver login manager to default values.</AIXPertDescription>
    <AIXPertPrereqList>bos.rte.security,bos.rte.commands,bos.rte.shell,bos.rte.SRC,bos.rte.control,bos.rte.ILS</AIXPertPrereqList>
    <AIXPertCommand>/etc/security/pscexpert/dodv2/dodv2cmntrows</AIXPertCommand>
    <AIXPertArgs>"dt:" "/etc/inittab" ":" r dodv2_discde</AIXPertArgs>
    <AIXPertGroup>Miscellaneous Rules</AIXPertGroup>
  </AIXPertEntry>

  <AIXPertEntry name="dodv2_disableX" function="disableX">
    <AIXPertRuleType type="DoDv2_DLS"/>
    <AIXPertDescription catalog="pscexpert.cat" setNum="209" msgNum="39">(GEN005160,GEN005200,GEN005220, GEN005240: CAT I and II) This rule will enabled X Window System programs.</AIXPertDescription>
    <AIXPertPrereqList>bos.rte.security,bos.rte.shell,bos.rte.ILS</AIXPertPrereqList>
    <AIXPertCommand>/etc/security/pscexpert/dodv2/dodv2disableX</AIXPertCommand>
    <AIXPertArgs>d </AIXPertArgs>
    <AIXPertGroup>Miscellaneous Rules</AIXPertGroup>
  </AIXPertEntry>

  <AIXPertEntry name="dodv2_enablexntp" function="enablexntpd">
    <AIXPertRuleType type="DoDv2_DLS"/>
    <AIXPertDescription catalog="pscexpert.cat" setNum="209" msgNum="40">(GEN000240,GEN000241: CAT II) This rule will set the NTP service to default level.</AIXPertDescription>
    <AIXPertPrereqList>bos.rte.security,bos.rte.commands,bos.rte.shell,bos.rte.SRC,bos.rte.control,bos.rte.ILS</AIXPertPrereqList>
    <AIXPertCommand>/etc/security/pscexpert/dodv2/dodv2cmntrows</AIXPertCommand>
    <AIXPertArgs>xntpd "/etc/rc.tcpip" "#" r dodv2_xntp</AIXPertArgs>
    <AIXPertGroup>Network Rules</AIXPertGroup>
  </AIXPertEntry>

  <AIXPertEntry name="dodv2_dodsecuretcpip" function="dodsecuretcpip">
    <AIXPertRuleType type="DoDv2_DLS"/>
    <AIXPertDescription catalog="pscexpert.cat" setNum="209" msgNum="41">(GEN000000-AIX00040: CAT II) The securetcpip command must be used.</AIXPertDescription>
    <AIXPertPrereqList>bos.rte.security,bos.rte.shell,bos.rte.ILS</AIXPertPrereqList>
    <AIXPertCommand>/etc/security/pscexpert/dodv2/dodsecuretcpip</AIXPertCommand>
    <AIXPertArgs>d </AIXPertArgs>
    <AIXPertGroup>Miscellaneous Rules</AIXPertGroup>
  </AIXPertEntry>

  <AIXPertEntry name="dodv2_rotateauditdod" function="rotateauditdod">
    <AIXPertRuleType type="DoDv2_DLS"/>
    <AIXPertDescription catalog="pscexpert.cat" setNum="209" msgNum="42">(GEN002860: CAT II) Audit logs must be rotated daily.</AIXPertDescription>
    <AIXPertPrereqList>bos.rte.security,bos.rte.shell,bos.rte.ILS</AIXPertPrereqList>
    <AIXPertCommand>/etc/security/pscexpert/dodv2/rotateauditdod</AIXPertCommand>
    <AIXPertArgs>d </AIXPertArgs>
    <AIXPertGroup>Audit policy recommendations</AIXPertGroup>
  </AIXPertEntry>

  <AIXPertEntry name="dodv2_sedconfigdod" function="sedconfigdod">
    <AIXPertRuleType type="DoDv2_DLS"/>
    <AIXPertDescription catalog="pscexpert.cat" setNum="209" msgNum="43">(GEN003540: CAT II) The system must implement non-executable program stacks.</AIXPertDescription>
    <AIXPertPrereqList>bos.rte.security,bos.rte.shell,bos.rte.ILS</AIXPertPrereqList>
    <AIXPertCommand>/etc/security/pscexpert/dodv2/sedconfigdod</AIXPertCommand>
    <AIXPertArgs>a </AIXPertArgs>
    <AIXPertGroup>Miscellaneous Rules</AIXPertGroup>
  </AIXPertEntry>

  <AIXPertEntry name="dodv2_trust" function="trust">
    <AIXPertRuleType type="DoDv2_DLS"/>
    <AIXPertDescription catalog="pscexpert.cat" setNum="209" msgNum="44">(AIX00020,AIX00060,GEN000140,GEN000220, GEN006480,GEN006560,GEN008380,GEN002400: CAT II) The system must be checked weekly for unauthorized setuid files, as well as, unauthorized modification to authorized setuid files.</AIXPertDescription>
    <AIXPertPrereqList>bos.rte.security,bos.rte.shell,bos.rte.ILS</AIXPertPrereqList>
    <AIXPertCommand>/etc/security/pscexpert/dodv2/trust</AIXPertCommand>
    <AIXPertArgs>d </AIXPertArgs>
    <AIXPertGroup>Miscellaneous Rules</AIXPertGroup>
  </AIXPertEntry>

  <AIXPertEntry name="dodv2_disableacct" function="disableacct">
    <AIXPertRuleType type="DoDv2_DLS"/>
    <AIXPertDescription catalog="pscexpert.cat" setNum="209" msgNum="45">(GEN000760: CAT II) Accounts must be locked upon 35 days of inactivity.</AIXPertDescription>
    <AIXPertPrereqList>bos.rte.date,bos.rte.commands,bos.rte.shell,bos.rte.ILS,prereqda</AIXPertPrereqList>
    <AIXPertCommand>/etc/security/pscexpert/dodv2/disableacctdod</AIXPertCommand>
    <AIXPertArgs>d 35</AIXPertArgs>
    <AIXPertGroup>Miscellaneous Rules</AIXPertGroup>
  </AIXPertEntry>

  <AIXPertEntry name="dodv2_defaultssh" function="defaultssh">
    <AIXPertRuleType type="DoDv2_DLS"/>
    <AIXPertDescription catalog="pscexpert.cat" setNum="209" msgNum="46">(Multiple: CAT II) Set the SSH configuration settings back to default.</AIXPertDescription>
    <AIXPertPrereqList>bos.rte.date,bos.rte.commands,bos.rte.shell,bos.rte.ILS</AIXPertPrereqList>
    <AIXPertCommand>/etc/security/pscexpert/dodv2/sshDoDdefault</AIXPertCommand>
    <AIXPertArgs></AIXPertArgs>
    <AIXPertGroup>Miscellaneous Rules</AIXPertGroup>
  </AIXPertEntry>

<AIXPertEntry name="dodv2_ldapconfig" function="ldapconfig">
    <AIXPertRuleType type="DoDv2_DLS"/>
    <AIXPertDescription catalog="pscexpert.cat" setNum="209" msgNum="47">(Multiple: CAT II) Restore LDAP configuration file to default.</AIXPertDescription>
    <AIXPertPrereqList>bos.rte.date,bos.rte.commands,bos.rte.shell,bos.rte.ILS</AIXPertPrereqList>
    <AIXPertCommand>/etc/security/pscexpert/dodv2/ldap_config</AIXPertCommand>
    <AIXPertArgs>d ldap_config</AIXPertArgs>
    <AIXPertGroup>Miscellaneous Rules</AIXPertGroup>
  </AIXPertEntry>

  <AIXPertEntry name="dodv2_sendmaildod" function="sendmaildod">
    <AIXPertRuleType type="DoDv2_DLS"/>
    <AIXPertDescription catalog="pscexpert.cat" setNum="209" msgNum="48">(GEN004710: CAT II) Mail relaying must be restricted.</AIXPertDescription>
    <AIXPertPrereqList>bos.rte.date,bos.rte.commands,bos.rte.shell,bos.rte.ILS</AIXPertPrereqList>
    <AIXPertCommand>/etc/security/pscexpert/dodv2/sendmaildod</AIXPertCommand>
    <AIXPertArgs>d </AIXPertArgs>
    <AIXPertGroup>Miscellaneous Rules</AIXPertGroup>
  </AIXPertEntry>

  <AIXPertEntry name="dodv2_chsnmp" function="chsnmp">
    <AIXPertRuleType type="DoDv2_DLS"/>
    <AIXPertDescription catalog="pscexpert.cat" setNum="209" msgNum="49">(GEN005305,GEN005300,GEN005306: CAT II) SNMP service rules.</AIXPertDescription>
    <AIXPertPrereqList>bos.rte.date,bos.rte.commands,bos.rte.shell,bos.rte.ILS</AIXPertPrereqList>
    <AIXPertCommand>/etc/security/pscexpert/dodv2/chsnmp</AIXPertCommand>
    <AIXPertArgs>d </AIXPertArgs>
    <AIXPertGroup>Miscellaneous Rules</AIXPertGroup>
  </AIXPertEntry>

  <AIXPertEntry name="dodv2_rminet6" function="rminet6">
    <AIXPertRuleType type="DoDv2_DLS"/>
    <AIXPertDescription catalog="pscexpert.cat" setNum="209" msgNum="50">(GEN007700: CAT II, GEN007700: CAT II) Disable IPv6 protocol handler from network stack unless specified in the /etc/security/pscexpert/ipv6.conf file.</AIXPertDescription>
    <AIXPertPrereqList>bos.rte.date,bos.rte.commands,bos.rte.shell,bos.rte.ILS</AIXPertPrereqList>
    <AIXPertCommand>/etc/security/pscexpert/dodv2/rminet6</AIXPertCommand>
    <AIXPertArgs>d</AIXPertArgs>
    <AIXPertGroup>Miscellaneous Rules</AIXPertGroup>
  </AIXPertEntry>
  
  <AIXPertEntry name="dodv2_gated" function="gated">
    <AIXPertRuleType type="DoDv2_DLS"/>
    <AIXPertDescription catalog="pscexpert.cat" setNum="209" msgNum="51">(GEN005590: CAT II) The system must not be running any routing protocol daemons, unless the system is a router. This rule will disable gated.</AIXPertDescription>
    <AIXPertPrereqList>bos.rte.date,bos.rte.commands,bos.rte.shell,bos.rte.ILS</AIXPertPrereqList>
    <AIXPertCommand>/etc/security/pscexpert/dodv2/dodv2cmntrows</AIXPertCommand>
    <AIXPertArgs>gated /etc/rc.tcpip "#" r dodv2_gated</AIXPertArgs>
    <AIXPertGroup>Miscellaneous Rules</AIXPertGroup>
  </AIXPertEntry>

  <AIXPertEntry name="dodv2_routed" function="routed">
    <AIXPertRuleType type="DoDv2_DLS"/>
    <AIXPertDescription catalog="pscexpert.cat" setNum="209" msgNum="52">(GEN005590: CAT II) The system must not be running any routing protocol daemons, unless the system is a router. This rule will disable routed.</AIXPertDescription>
    <AIXPertPrereqList>bos.rte.date,bos.rte.commands,bos.rte.shell,bos.rte.ILS</AIXPertPrereqList>
    <AIXPertCommand>/etc/security/pscexpert/dodv2/dodv2cmntrows</AIXPertCommand>
    <AIXPertArgs>routed /etc/rc.tcpip "#" r dodv2_routed</AIXPertArgs>
    <AIXPertGroup>Miscellaneous Rules</AIXPertGroup>
  </AIXPertEntry>

  <AIXPertEntry name="dodv2_tcpwrapper" function="tcpwrapper">
    <AIXPertRuleType type="DoDv2_DLS"/>
    <AIXPertDescription catalog="pscexpert.cat" setNum="209" msgNum="53">(GEN006580: CAT II) The system must use an access control program.</AIXPertDescription>
    <AIXPertPrereqList>bos.rte.ILS,bos.rte.date,bos.rte.shell,bos.rte.commands</AIXPertPrereqList>
    <AIXPertCommand>/etc/security/pscexpert/dodv2/checktcpd</AIXPertCommand>
    <AIXPertArgs>undo</AIXPertArgs>
    <AIXPertGroup>TCP Wrappers Rule</AIXPertGroup>
  </AIXPertEntry>

  <AIXPertEntry name="dodv2_printers" function="printers">
    <AIXPertRuleType type="DoDv2_DLS"/>
    <AIXPertDescription catalog="pscexpert.cat" setNum="209" msgNum="54">(GEN003900: CAT II) The hosts.lpd file (or equivalent) must not contain a + character.</AIXPertDescription>
    <AIXPertPrereqList>bos.rte.date,bos.rte.commands,bos.rte.shell,bos.rte.ILS</AIXPertPrereqList>
    <AIXPertCommand>/etc/security/pscexpert/dodv2/printers</AIXPertCommand>
    <AIXPertArgs>d</AIXPertArgs>
    <AIXPertGroup>Miscellaneous Rules</AIXPertGroup>
  </AIXPertEntry>

  <AIXPertEntry name="dodv2_ipsec" function="ipsecshunhost">
    <AIXPertRuleType type="DoDv2_DLS"/>
    <AIXPertDescription catalog="pscexpert.cat" setNum="209" msgNum="55">(GEN008540: CAT II) The system's local firewall must implement a deny-all, allow-by-exception policy, (GEN008520: CAT II) The system must employ a local firewall.</AIXPertDescription>
    <AIXPertPrereqList>bos.rte.ILS,bos.rte.date,bos.rte.shell,bos.rte.commands,bos.net.ipsec.keymgt,bos.net.ipsec.rte</AIXPertPrereqList>
    <AIXPertCommand>/etc/security/pscexpert/dodv2/ipsecshunhosthls</AIXPertCommand>
    <AIXPertArgs>undo</AIXPertArgs>
    <AIXPertGroup>IPSec Filter Rules</AIXPertGroup>
  </AIXPertEntry>

  <AIXPertEntry name="dodv2_ipsecport" function="ipsecshunport">
    <AIXPertRuleType type="DoDv2_DLS"/>
    <AIXPertDescription catalog="pscexpert.cat" setNum="209" msgNum="55">(GEN008540: CAT II) The system's local firewall must implement a deny-all, allow-by-exception policy, (GEN008520: CAT II) The system must employ a local firewall.</AIXPertDescription>
    <AIXPertPrereqList>bos.rte.ILS,bos.rte.date,bos.rte.shell,bos.rte.commands,bos.net.ipsec.keymgt,bos.net.ipsec.rte</AIXPertPrereqList>
    <AIXPertCommand>/etc/security/pscexpert/dodv2/ipsecshunports</AIXPertCommand>
    <AIXPertArgs>undo</AIXPertArgs>
    <AIXPertGroup>IPSec Filter Rules</AIXPertGroup>
  </AIXPertEntry>

   <AIXPertEntry name="dodv2_limitsysacc" function="limitsysacc">
     <AIXPertRuleType type="DoDv2_DLS"/>
     <AIXPertDescription catalog="pscexpert.cat" setNum="209" msgNum="56">(GEN002960: CAT II) Access to the cron utility must be controlled using the cron.allow and/or cron.deny file(s), (GEN003060: CAT II) Default system accounts (with the exception of root) must not be listed in the cron.allow file or must be included in the cron.deny file, if cron.allow does not exist.</AIXPertDescription>
     <AIXPertPrereqList>bos.rte.date,bos.rte.shell,bos.rte.commands,bos.rte.ILS</AIXPertPrereqList>
     <AIXPertCommand>/etc/security/pscexpert/bin/limitsysacc</AIXPertCommand>
     <AIXPertArgs>d dodv2_limitsysacc</AIXPertArgs>
     <AIXPertGroup>Cron Rules</AIXPertGroup>
   </AIXPertEntry>

 <AIXPertEntry name="dodv2_SecureLPM" function="SecureLPM">
    <AIXPertRuleType type="DoDv2_DLS"/>
    <AIXPertDescription catalog="pscexpert.cat" setNum="209" msgNum="57">Required for LPM on AIX: Disable automated IPSEC Tunnel creation between VIO Servers during live partition migration.</AIXPertDescription>
    <AIXPertPrereqList>clic.rte.kernext,bos.net.ipsec.rte,bos.net.ipsec.keymgt,ios.cli.rte</AIXPertPrereqList>
    <AIXPertCommand>/etc/security/pscexpert/bin/cfgsecmig</AIXPertCommand>
    <AIXPertArgs>off</AIXPertArgs>
    <AIXPertGroup>IPSEC Filter Rules</AIXPertGroup>
  </AIXPertEntry>

</AIXPertSecurityHardening>
