<?xml version="1.0" encoding="UTF-8"?>
<!-- IBM_PROLOG_BEGIN_TAG                                                   -->
<!-- This is an automatically generated prolog.                             -->
<!--                                                                        -->
<!-- 61pscs114 src/powerscStd/ice/nerc/NERC.xml                             -->
<!--                                                                        -->
<!-- Licensed Materials - Property of IBM                                   -->
<!--                                                                        -->
<!-- Restricted Materials of IBM                                            -->
<!--                                                                        -->
<!-- COPYRIGHT International Business Machines Corp. 2015                   -->
<!-- All Rights Reserved                                                    -->
<!--                                                                        -->
<!-- US Government Users Restricted Rights - Use, duplication or            -->
<!-- disclosure restricted by GSA ADP Schedule Contract with IBM Corp.      -->
<!--                                                                        -->
<!-- IBM_PROLOG_END_TAG                                                     -->
<!--
%Z%%M%  %I%  %W% %G% %U%
-->

<!--
	RuleType NERC represents NERC Standards

	RuleType Prereq represents Analysis Rules

	Rulenames begin with dls for Default Level Security rules
-->

<!--
	Please do not Translate the contents of this file.
-->

<!-- Specifies NERC rules -->
<!-- VERSION : NERC 1.0 -->
<!-- FILE: 1.0 -->

<AIXPertSecurityHardening>

  <AIXPertEntry name="prereqnontcb" function="prereqnontcb">
    <AIXPertRuleType type="Prereq"/>
    <AIXPertDescription catalog="pscexpert.cat" setNum="212" msgNum="1">Prereq rule for non-TCB: Checks whether the system is non-TCB or not.</AIXPertDescription>
    <AIXPertPrereqList/>
    <AIXPertCommand>/etc/security/pscexpert/bin/prereqnontcb</AIXPertCommand>
    <AIXPertArgs/>
    <AIXPertGroup/>
  </AIXPertEntry>
  <AIXPertEntry name="prereqlft" function="prereqlft">
    <AIXPertRuleType type="Prereq"/>
    <AIXPertDescription catalog="pscexpert.cat" setNum="212" msgNum="2">Prereq rule for LFT: Checks whether LFT is configured or not.</AIXPertDescription>
    <AIXPertPrereqList/>
    <AIXPertCommand>/etc/security/pscexpert/bin/prereqlft</AIXPertCommand>
    <AIXPertArgs/>
    <AIXPertGroup/>
  </AIXPertEntry>
  <AIXPertEntry name="prereqcde" function="prereqcde">
    <AIXPertRuleType type="Prereq"/>
    <AIXPertDescription catalog="pscexpert.cat" setNum="212" msgNum="3">Prereq rule for CDE: Checks whether CDE entry exists in /etc/inittab or not.</AIXPertDescription>
    <AIXPertPrereqList/>
    <AIXPertCommand>/etc/security/pscexpert/bin/prereqcde</AIXPertCommand>
    <AIXPertArgs/>
    <AIXPertGroup/>
  </AIXPertEntry>
  <AIXPertEntry name="prereqbinaudit" function="prereqbinaudit">
    <AIXPertRuleType type="Prereq"/>
    <AIXPertDescription catalog="pscexpert.cat" setNum="212" msgNum="4">Prereq rule for binaudit: Checks for available disk space to enable audit.</AIXPertDescription>
    <AIXPertPrereqList/>
    <AIXPertCommand>/etc/security/pscexpert/bin/prereqbinaudit</AIXPertCommand>
    <AIXPertArgs/>
    <AIXPertGroup/>
  </AIXPertEntry>
  <AIXPertEntry name="prereqTE" function="prereqTE">
    <AIXPertRuleType type="Prereq"/>
    <AIXPertDescription catalog="pscexpert.cat" setNum="212" msgNum="5">Prereq rule for Trusted Execution: Checks whether the system has Trusted Execution feature on or not.</AIXPertDescription>
    <AIXPertPrereqList/>
    <AIXPertCommand>/etc/security/pscexpert/bin/prereqTE</AIXPertCommand>
    <AIXPertArgs/>
    <AIXPertGroup/>
  </AIXPertEntry>

  <AIXPertEntry name="nerc_filepermgr" function="filepermgr">
    <AIXPertRuleType type="NERC"/>
    <AIXPertDescription catalog="pscexpert.cat" setNum="212" msgNum="6">Implements NERC Standard CIP-003-3 R5.1: Configure system security parameters to prevent misuse.</AIXPertDescription>
    <AIXPertPrereqList>prereqnontcb,bos.rte.date,bos.rte.commands,bos.rte.security,bos.rte.shell,bos.rte.ILS</AIXPertPrereqList>
    <AIXPertCommand>/etc/security/pscexpert/bin/filepermgr</AIXPertCommand>
    <AIXPertArgs>l nerc_filepermgr</AIXPertArgs>
    <AIXPertGroup>Disable SUID of commands</AIXPertGroup>
  </AIXPertEntry>
  <AIXPertEntry name="nerc_rmsuidfrmrcmds" function="rmsuidfrmrcmds">
    <AIXPertRuleType type="NERC"/>
    <AIXPertDescription catalog="pscexpert.cat" setNum="212" msgNum="6">Implements NERC Standard CIP-003-3 R5.1: Configure system security parameters to prevent misuse.</AIXPertDescription>
    <AIXPertPrereqList>bos.rte.ILS,bos.rte.date,bos.rte.shell,bos.rte.commands,bos.rte.control</AIXPertPrereqList>
    <AIXPertCommand>/etc/security/pscexpert/bin/rmsuidfrmrcmds</AIXPertCommand>
    <AIXPertArgs>r nerc_rmsuidfrmrcmds</AIXPertArgs>
    <AIXPertGroup>Disable SUID of commands</AIXPertGroup>
  </AIXPertEntry>

  <AIXPertEntry name="nerc_enableRbac" function="enableRbac">
    <AIXPertRuleType type="NERC"/>
    <AIXPertDescription catalog="pscexpert.cat" setNum="212" msgNum="7">Implements NERC Standard CIP-003-3 R5.1.1: Enable RBAC by creating so, sa, and isso users with appropriate roles.</AIXPertDescription>
    <AIXPertPrereqList/>
    <AIXPertCommand>/etc/security/pscexpert/bin/EnableRbac</AIXPertCommand>
    <AIXPertArgs/>
    <AIXPertGroup/>
  </AIXPertEntry>

  <AIXPertEntry name="nerc_sshstart" function="sshstart">
    <AIXPertRuleType type="NERC"/>
    <AIXPertDescription catalog="pscexpert.cat" setNum="212" msgNum="8">Implements NERC Standard CIP-005-3a R2.1-R2.4: Check if ssh filesets are installed and start the sshd daemon if not started.</AIXPertDescription>
    <AIXPertPrereqList>openssl.base,openssl.license,openssl.man.en_US</AIXPertPrereqList>
    <AIXPertCommand>/etc/security/pscexpert/bin/sshstart</AIXPertCommand>
    <AIXPertArgs/>
    <AIXPertGroup>Miscellaneous Rules</AIXPertGroup>
  </AIXPertEntry>

  <AIXPertEntry name="nerc_dislpd" function="dislpd">
    <AIXPertRuleType type="NERC"/>
    <AIXPertDescription catalog="pscexpert.cat" setNum="212" msgNum="9">Implements NERC Standard CIP-005-3a R2.5: Disable unnecessary and insecure services: Disable lpd daemon: Stops lpd daemon and comments the lpd entry in /etc/inittab.</AIXPertDescription>
    <AIXPertPrereqList>bos.rte.ILS,bos.rte.date,bos.rte.shell,bos.rte.commands</AIXPertPrereqList>
    <AIXPertCommand>/etc/security/pscexpert/bin/comntrows</AIXPertCommand>
    <AIXPertArgs>lpd: /etc/inittab : d nerc_dislpd</AIXPertArgs>
    <AIXPertGroup>Rules for /etc/inittab</AIXPertGroup>
  </AIXPertEntry>
  <AIXPertEntry name="nerc_discde" function="discde">
    <AIXPertRuleType type="NERC"/>
    <AIXPertDescription catalog="pscexpert.cat" setNum="212" msgNum="10">Implements NERC Standard CIP-005-3a R2.5: Disable unnecessary and insecure services: Disable CDE: Disables CDE when LFT is not configured.</AIXPertDescription>
    <AIXPertPrereqList>bos.rte.ILS,bos.rte.date,bos.rte.shell,bos.rte.commands,bos.rte.methods,prereqlft</AIXPertPrereqList>
    <AIXPertCommand>/etc/security/pscexpert/bin/comntrows</AIXPertCommand>
    <AIXPertArgs>dt: /etc/inittab : d nerc_discde</AIXPertArgs>
    <AIXPertGroup>Rules for /etc/inittab</AIXPertGroup>
  </AIXPertEntry>
  <AIXPertEntry name="nerc_distimedmn" function="distimedmn">
    <AIXPertRuleType type="NERC"/>
    <AIXPertDescription catalog="pscexpert.cat" setNum="212" msgNum="11">Implements NERC Standard CIP-005-3a R2.5: Disable unnecessary and insecure services: Disable timed daemon: Stops timed daemon and comments it's entry in /etc/rc.tcpip.</AIXPertDescription>
    <AIXPertPrereqList>bos.rte.ILS,bos.net.tcp.smit,bos.rte.shell,bos.rte.date,bos.rte.commands</AIXPertPrereqList>
    <AIXPertCommand>/etc/security/pscexpert/bin/rctcpip</AIXPertCommand>
    <AIXPertArgs>timed d nerc_distimedmn</AIXPertArgs>
    <AIXPertGroup>/etc/rc.tcpip Settings</AIXPertGroup>
  </AIXPertEntry>
  <AIXPertEntry name="nerc_disntpdmn" function="disntpdmn">
    <AIXPertRuleType type="NERC"/>
    <AIXPertDescription catalog="pscexpert.cat" setNum="212" msgNum="12">Implements NERC Standard CIP-005-3a R2.5: Disable unnecessary and insecure services: Disable NTP daemon: Stops NTP daemon and comments it's entry in /etc/rc.tcpip.</AIXPertDescription>
    <AIXPertPrereqList>bos.rte.ILS,bos.net.tcp.smit,bos.rte.shell,bos.rte.date,bos.rte.commands</AIXPertPrereqList>
    <AIXPertCommand>/etc/security/pscexpert/bin/rctcpip</AIXPertCommand>
    <AIXPertArgs>xntpd d nerc_disntpdmn</AIXPertArgs>
    <AIXPertGroup>/etc/rc.tcpip Settings</AIXPertGroup>
  </AIXPertEntry>
  <AIXPertEntry name="nerc_disrwhoddmn" function="disrwhoddmn">
    <AIXPertRuleType type="NERC"/>
    <AIXPertDescription catalog="pscexpert.cat" setNum="212" msgNum="13">Implements NERC Standard CIP-005-3a R2.5: Disable unnecessary and insecure services: Disable rwhod daemon: Stops rwhod daemon and comments it's entry in /etc/rc.tcpip.</AIXPertDescription>
    <AIXPertPrereqList>bos.rte.ILS,bos.net.tcp.smit,bos.rte.shell,bos.rte.date,bos.rte.commands</AIXPertPrereqList>
    <AIXPertCommand>/etc/security/pscexpert/bin/rctcpip</AIXPertCommand>
    <AIXPertArgs>rwhod d nerc_disrwhoddmn</AIXPertArgs>
    <AIXPertGroup>/etc/rc.tcpip Settings</AIXPertGroup>
  </AIXPertEntry>
  <AIXPertEntry name="nerc_disdpid2dmn" function="disdpid2dmn">
    <AIXPertRuleType type="NERC"/>
    <AIXPertDescription catalog="pscexpert.cat" setNum="212" msgNum="14">Implements NERC Standard CIP-005-3a R2.5: Disable unnecessary and insecure services: Disable DPID2 daemon: Stops DPID2 daemon and comments it's entry in /etc/rc.tcpip.</AIXPertDescription>
    <AIXPertPrereqList>bos.rte.ILS,bos.net.tcp.smit,bos.rte.shell,bos.rte.date,bos.rte.commands</AIXPertPrereqList>
    <AIXPertCommand>/etc/security/pscexpert/bin/rctcpip</AIXPertCommand>
    <AIXPertArgs>dpid2 d nerc_disdpid2dmn</AIXPertArgs>
    <AIXPertGroup>/etc/rc.tcpip Settings</AIXPertGroup>
  </AIXPertEntry>
  <AIXPertEntry name="nerc_disdhcpagent" function="disdhcpagent">
    <AIXPertRuleType type="NERC"/>
    <AIXPertDescription catalog="pscexpert.cat" setNum="212" msgNum="15">Implements NERC Standard CIP-005-3a R2.5: Disable unnecessary and insecure services: Disable DHCP Agent: Stops DHCP relay agent and comments it's entry in /etc/rc.tcpip.</AIXPertDescription>
    <AIXPertPrereqList>bos.rte.ILS,bos.net.tcp.smit,bos.rte.shell,bos.rte.date,bos.rte.commands</AIXPertPrereqList>
    <AIXPertCommand>/etc/security/pscexpert/bin/rctcpip</AIXPertCommand>
    <AIXPertArgs>dhcprd d nerc_disdhcpagent</AIXPertArgs>
    <AIXPertGroup>/etc/rc.tcpip Settings</AIXPertGroup>
  </AIXPertEntry>
  <AIXPertEntry name="nerc_shell" function="shell">
    <AIXPertRuleType type="NERC"/>
    <AIXPertDescription catalog="pscexpert.cat" setNum="212" msgNum="16">Implements NERC Standard CIP-005-3a R2.5: Disable unnecessary and insecure services: Disable rshd daemon: Comments the entry for rshd daemon in /etc/inetd.conf and kills all instances of rshd.</AIXPertDescription>
    <AIXPertPrereqList>bos.rte.ILS,bos.rte.SRC,bos.rte.date,bos.rte.shell,bos.rte.commands</AIXPertPrereqList>
    <AIXPertCommand>/etc/security/pscexpert/bin/cominetdconf</AIXPertCommand>
    <AIXPertArgs>shell tcp d nerc_shell</AIXPertArgs>
    <AIXPertGroup>/etc/inetd.conf Settings</AIXPertGroup>
  </AIXPertEntry>
  <AIXPertEntry name="nerc_rlogin" function="rlogin">
    <AIXPertRuleType type="NERC"/>
    <AIXPertDescription catalog="pscexpert.cat" setNum="212" msgNum="17">Implements NERC Standard CIP-005-3a R2.5: Disable unnecessary and insecure services: Disable rlogind: Comments the entry for rlogind daemon in /etc/inetd.conf and kills all instances of rlogind.</AIXPertDescription>
    <AIXPertPrereqList>bos.rte.ILS,bos.rte.SRC,bos.rte.date,bos.rte.shell,bos.rte.commands</AIXPertPrereqList>
    <AIXPertCommand>/etc/security/pscexpert/bin/cominetdconf</AIXPertCommand>
    <AIXPertArgs>login tcp d nerc_rlogin</AIXPertArgs>
    <AIXPertGroup>/etc/inetd.conf Settings</AIXPertGroup>
  </AIXPertEntry>
  <AIXPertEntry name="nerc_rexecd" function="rexecd">
    <AIXPertRuleType type="NERC"/>
    <AIXPertDescription catalog="pscexpert.cat" setNum="212" msgNum="18">Implements NERC Standard CIP-005-3a R2.5: Disable unnecessary and insecure services: Disable rexecd: Comments the entry for rexecd daemon in /etc/inetd.conf and kills all instances of rexecd.</AIXPertDescription>
    <AIXPertPrereqList>bos.rte.ILS,bos.rte.SRC,bos.rte.date,bos.rte.shell,bos.rte.commands</AIXPertPrereqList>
    <AIXPertCommand>/etc/security/pscexpert/bin/cominetdconf</AIXPertCommand>
    <AIXPertArgs>exec tcp d nerc_rexecd</AIXPertArgs>
    <AIXPertGroup>/etc/inetd.conf Settings</AIXPertGroup>
  </AIXPertEntry>
  <AIXPertEntry name="nerc_comsat" function="comsat">
    <AIXPertRuleType type="NERC"/>
    <AIXPertDescription catalog="pscexpert.cat" setNum="212" msgNum="19">Implements NERC Standard CIP-005-3a R2.5: Disable unnecessary and insecure services: Disable comsat: Comments the entry for comsat daemon in /etc/inetd.conf and kills all instances of comsat.</AIXPertDescription>
    <AIXPertPrereqList>bos.rte.ILS,bos.rte.SRC,bos.rte.date,bos.rte.shell,bos.rte.commands</AIXPertPrereqList>
    <AIXPertCommand>/etc/security/pscexpert/bin/cominetdconf</AIXPertCommand>
    <AIXPertArgs>comsat udp d nerc_comsat</AIXPertArgs>
    <AIXPertGroup>/etc/inetd.conf Settings</AIXPertGroup>
  </AIXPertEntry>
  <AIXPertEntry name="nerc_fingerd" function="fingerd">
    <AIXPertRuleType type="NERC"/>
    <AIXPertDescription catalog="pscexpert.cat" setNum="212" msgNum="20">Implements NERC Standard CIP-005-3a R2.5: Disable unnecessary and insecure services: Disable fingerd: Comments the entry for fingerd daemon in /etc/inetd.conf and kills all instances of fingerd.</AIXPertDescription>
    <AIXPertPrereqList>bos.rte.ILS,bos.rte.SRC,bos.rte.date,bos.rte.shell,bos.rte.commands</AIXPertPrereqList>
    <AIXPertCommand>/etc/security/pscexpert/bin/cominetdconf</AIXPertCommand>
    <AIXPertArgs>finger tcp d nerc_fingerd</AIXPertArgs>
    <AIXPertGroup>/etc/inetd.conf Settings</AIXPertGroup>
  </AIXPertEntry>
  <AIXPertEntry name="nerc_systat" function="systat">
    <AIXPertRuleType type="NERC"/>
    <AIXPertDescription catalog="pscexpert.cat" setNum="212" msgNum="21">Implements NERC Standard CIP-005-3a R2.5: Disable unnecessary and insecure services: Disable systat: Comments the entry for systat daemon in /etc/inetd.conf and kills all instances of systat.</AIXPertDescription>
    <AIXPertPrereqList>bos.rte.ILS,bos.rte.SRC,bos.rte.date,bos.rte.shell,bos.rte.commands</AIXPertPrereqList>
    <AIXPertCommand>/etc/security/pscexpert/bin/cominetdconf</AIXPertCommand>
    <AIXPertArgs>systat tcp d nerc_systat</AIXPertArgs>
    <AIXPertGroup>/etc/inetd.conf Settings</AIXPertGroup>
  </AIXPertEntry>
  <AIXPertEntry name="nerc_tftp" function="tftp">
    <AIXPertRuleType type="NERC"/>
    <AIXPertDescription catalog="pscexpert.cat" setNum="212" msgNum="22">Implements NERC Standard CIP-005-3a R2.5: Disable unnecessary and insecure services: Disable tftpd: Comments the entry for tftpd daemon in /etc/inetd.conf and kills all instances of tftpd.</AIXPertDescription>
    <AIXPertPrereqList>bos.rte.ILS,bos.rte.SRC,bos.rte.date,bos.rte.shell,bos.rte.commands</AIXPertPrereqList>
    <AIXPertCommand>/etc/security/pscexpert/bin/cominetdconf</AIXPertCommand>
    <AIXPertArgs>tftp udp d nerc_tftp</AIXPertArgs>
    <AIXPertGroup>/etc/inetd.conf Settings</AIXPertGroup>
  </AIXPertEntry>
  <AIXPertEntry name="nerc_talk" function="talk">
    <AIXPertRuleType type="NERC"/>
    <AIXPertDescription catalog="pscexpert.cat" setNum="212" msgNum="23">Implements NERC Standard CIP-005-3a R2.5: Disable unnecessary and insecure services: Disable talkd: Comments the entry for talkd daemon in /etc/inetd.conf and kills all instances of talkd.</AIXPertDescription>
    <AIXPertPrereqList>bos.rte.ILS,bos.rte.SRC,bos.rte.date,bos.rte.shell,bos.rte.commands</AIXPertPrereqList>
    <AIXPertCommand>/etc/security/pscexpert/bin/cominetdconf</AIXPertCommand>
    <AIXPertArgs>talk udp d nerc_talk</AIXPertArgs>
    <AIXPertGroup>/etc/inetd.conf Settings</AIXPertGroup>
  </AIXPertEntry>
  <AIXPertEntry name="nerc_ntalk" function="ntalk">
    <AIXPertRuleType type="NERC"/>
    <AIXPertDescription catalog="pscexpert.cat" setNum="212" msgNum="23">Implements NERC Standard CIP-005-3a R2.5: Disable unnecessary and insecure services: Disable talkd: Comments the entry for talkd daemon in /etc/inetd.conf and kills all instances of talkd.</AIXPertDescription>
    <AIXPertPrereqList>bos.rte.ILS,bos.rte.SRC,bos.rte.date,bos.rte.shell,bos.rte.commands</AIXPertPrereqList>
    <AIXPertCommand>/etc/security/pscexpert/bin/cominetdconf</AIXPertCommand>
    <AIXPertArgs>ntalk udp d nerc_ntalk</AIXPertArgs>
    <AIXPertGroup>/etc/inetd.conf Settings</AIXPertGroup>
  </AIXPertEntry>
  <AIXPertEntry name="nerc_rquotad" function="rquotad">
    <AIXPertRuleType type="NERC"/>
    <AIXPertDescription catalog="pscexpert.cat" setNum="212" msgNum="24">Implements NERC Standard CIP-005-3a R2.5: Disable unnecessary and insecure services: Disable rquotad: Comments the entry for rquotad daemon in /etc/inetd.conf and kills all instances of rquotad.</AIXPertDescription>
    <AIXPertPrereqList>bos.rte.ILS,bos.rte.SRC,bos.rte.date,bos.rte.shell,bos.rte.commands</AIXPertPrereqList>
    <AIXPertCommand>/etc/security/pscexpert/bin/cominetdconf</AIXPertCommand>
    <AIXPertArgs>rquotad udp d nerc_rquotad</AIXPertArgs>
    <AIXPertGroup>/etc/inetd.conf Settings</AIXPertGroup>
  </AIXPertEntry>
  <AIXPertEntry name="nerc_rstatd" function="rstatd">
    <AIXPertRuleType type="NERC"/>
    <AIXPertDescription catalog="pscexpert.cat" setNum="212" msgNum="25">Implements NERC Standard CIP-005-3a R2.5: Disable unnecessary and insecure services: Disable rstatd: Comments the entry for rstatd daemon in /etc/inetd.conf and kills all instances of rstatd.</AIXPertDescription>
    <AIXPertPrereqList>bos.rte.ILS,bos.rte.SRC,bos.rte.date,bos.rte.shell,bos.rte.commands</AIXPertPrereqList>
    <AIXPertCommand>/etc/security/pscexpert/bin/cominetdconf</AIXPertCommand>
    <AIXPertArgs>rstatd udp d nerc_rstatd</AIXPertArgs>
    <AIXPertGroup>/etc/inetd.conf Settings</AIXPertGroup>
  </AIXPertEntry>
  <AIXPertEntry name="nerc_rusersd" function="rusersd">
    <AIXPertRuleType type="NERC"/>
    <AIXPertDescription catalog="pscexpert.cat" setNum="212" msgNum="26">Implements NERC Standard CIP-005-3a R2.5: Disable unnecessary and insecure services: Disable rusersd: Comments the entry for rusersd daemon in /etc/inetd.conf and kills all instances of rusersd.</AIXPertDescription>
    <AIXPertPrereqList>bos.rte.ILS,bos.rte.SRC,bos.rte.date,bos.rte.shell,bos.rte.commands</AIXPertPrereqList>
    <AIXPertCommand>/etc/security/pscexpert/bin/cominetdconf</AIXPertCommand>
    <AIXPertArgs>rusersd udp d nerc_rusersd</AIXPertArgs>
    <AIXPertGroup>/etc/inetd.conf Settings</AIXPertGroup>
  </AIXPertEntry>
  <AIXPertEntry name="nerc_rwalld" function="rwalld">
    <AIXPertRuleType type="NERC"/>
    <AIXPertDescription catalog="pscexpert.cat" setNum="212" msgNum="27">Implements NERC Standard CIP-005-3a R2.5: Disable unnecessary and insecure services: Disable rwalld: Comments the entry for rwalld daemon in /etc/inetd.conf and kills all instances of rwalld.</AIXPertDescription>
    <AIXPertPrereqList>bos.rte.ILS,bos.rte.SRC,bos.rte.date,bos.rte.shell,bos.rte.commands</AIXPertPrereqList>
    <AIXPertCommand>/etc/security/pscexpert/bin/cominetdconf</AIXPertCommand>
    <AIXPertArgs>rwalld udp d nerc_rwalld</AIXPertArgs>
    <AIXPertGroup>/etc/inetd.conf Settings</AIXPertGroup>
  </AIXPertEntry>
  <AIXPertEntry name="nerc_sprayd" function="sprayd">
    <AIXPertRuleType type="NERC"/>
    <AIXPertDescription catalog="pscexpert.cat" setNum="212" msgNum="28">Implements NERC Standard CIP-005-3a R2.5: Disable unnecessary and insecure services: Disable sprayd: Comments the entry for sprayd daemon in /etc/inetd.conf and kills all instances of sprayd.</AIXPertDescription>
    <AIXPertPrereqList>bos.rte.ILS,bos.rte.SRC,bos.rte.date,bos.rte.shell,bos.rte.commands</AIXPertPrereqList>
    <AIXPertCommand>/etc/security/pscexpert/bin/cominetdconf</AIXPertCommand>
    <AIXPertArgs>sprayd udp d nerc_sprayd</AIXPertArgs>
    <AIXPertGroup>/etc/inetd.conf Settings</AIXPertGroup>
  </AIXPertEntry>
  <AIXPertEntry name="nerc_pcnfsd" function="pcnfsd">
    <AIXPertRuleType type="NERC"/>
    <AIXPertDescription catalog="pscexpert.cat" setNum="212" msgNum="29">Implements NERC Standard CIP-005-3a R2.5: Disable unnecessary and insecure services: Disable pcnfsd: Comments the entry for pcnfsd daemon in /etc/inetd.conf and kills all instances of pcnfsd.</AIXPertDescription>
    <AIXPertPrereqList>bos.rte.ILS,bos.rte.SRC,bos.rte.date,bos.rte.shell,bos.rte.commands</AIXPertPrereqList>
    <AIXPertCommand>/etc/security/pscexpert/bin/cominetdconf</AIXPertCommand>
    <AIXPertArgs>pcnfsd udp d nerc_pcnfsd</AIXPertArgs>
    <AIXPertGroup>/etc/inetd.conf Settings</AIXPertGroup>
  </AIXPertEntry>
  <AIXPertEntry name="nerc_tcpecho" function="tcpecho">
    <AIXPertRuleType type="NERC"/>
    <AIXPertDescription catalog="pscexpert.cat" setNum="212" msgNum="30">Implements NERC Standard CIP-005-3a R2.5: Disable unnecessary and insecure services: Disable TCP echo service: Comments the entry for TCP echo service in /etc/inetd.conf and kills all instances of echo(tcp).</AIXPertDescription>
    <AIXPertPrereqList>bos.rte.ILS,bos.rte.SRC,bos.rte.date,bos.rte.shell,bos.rte.commands</AIXPertPrereqList>
    <AIXPertCommand>/etc/security/pscexpert/bin/cominetdconf</AIXPertCommand>
    <AIXPertArgs>echo tcp d nerc_tcpecho</AIXPertArgs>
    <AIXPertGroup>/etc/inetd.conf Settings</AIXPertGroup>
  </AIXPertEntry>
  <AIXPertEntry name="nerc_tcpdiscard" function="tcpdiscard">
    <AIXPertRuleType type="NERC"/>
    <AIXPertDescription catalog="pscexpert.cat" setNum="212" msgNum="31">Implements NERC Standard CIP-005-3a R2.5: Disable UNnecessary and insecure services: Disable TCP discard service: Comments the entry for TCP discard service in /etc/inetd.conf and kills all instances of discard(tcp).</AIXPertDescription>
    <AIXPertPrereqList>bos.rte.ILS,bos.rte.SRC,bos.rte.date,bos.rte.shell,bos.rte.commands</AIXPertPrereqList>
    <AIXPertCommand>/etc/security/pscexpert/bin/cominetdconf</AIXPertCommand>
    <AIXPertArgs>discard tcp d nerc_tcpdiscard</AIXPertArgs>
    <AIXPertGroup>/etc/inetd.conf Settings</AIXPertGroup>
  </AIXPertEntry>
  <AIXPertEntry name="nerc_tcpchargen" function="tcpchargen">
    <AIXPertRuleType type="NERC"/>
    <AIXPertDescription catalog="pscexpert.cat" setNum="212" msgNum="32">Implements NERC Standard CIP-005-3a R2.5: Disable unnecessary and insecure services: Disable TCP chargen service: Comments the entry for TCP chargen service in /etc/inetd.conf and kills all instances of chargen(tcp).</AIXPertDescription>
    <AIXPertPrereqList>bos.rte.ILS,bos.rte.SRC,bos.rte.date,bos.rte.shell,bos.rte.commands</AIXPertPrereqList>
    <AIXPertCommand>/etc/security/pscexpert/bin/cominetdconf</AIXPertCommand>
    <AIXPertArgs>chargen tcp d nerc_tcpchargen</AIXPertArgs>
    <AIXPertGroup>/etc/inetd.conf Settings</AIXPertGroup>
  </AIXPertEntry>
  <AIXPertEntry name="nerc_tcpdaytime" function="tcpdaytime">
    <AIXPertRuleType type="NERC"/>
    <AIXPertDescription catalog="pscexpert.cat" setNum="212" msgNum="33">Implements NERC Standard CIP-005-3a R2.5: Disable unnecessary and insecure services: Disable TCP daytime service: Comments the entry for TCP daytime service in /etc/inetd.conf and kills all instances of daytime(tcp).</AIXPertDescription>
    <AIXPertPrereqList>bos.rte.ILS,bos.rte.SRC,bos.rte.date,bos.rte.shell,bos.rte.commands</AIXPertPrereqList>
    <AIXPertCommand>/etc/security/pscexpert/bin/cominetdconf</AIXPertCommand>
    <AIXPertArgs>daytime tcp d nerc_tcpdaytime</AIXPertArgs>
    <AIXPertGroup>/etc/inetd.conf Settings</AIXPertGroup>
  </AIXPertEntry>
  <AIXPertEntry name="nerc_tcptime" function="tcptime">
    <AIXPertRuleType type="NERC"/>
    <AIXPertDescription catalog="pscexpert.cat" setNum="212" msgNum="34">Implements NERC Standard CIP-005-3a R2.5: Disable unnecessary and insecure services: Disable TCP time service: Comments the entry for TCP time service in /etc/inetd.conf and kills all instances of timed(tcp).</AIXPertDescription>
    <AIXPertPrereqList>bos.rte.ILS,bos.rte.SRC,bos.rte.date,bos.rte.shell,bos.rte.commands</AIXPertPrereqList>
    <AIXPertCommand>/etc/security/pscexpert/bin/cominetdconf</AIXPertCommand>
    <AIXPertArgs>time tcp d nerc_tcptime</AIXPertArgs>
    <AIXPertGroup>/etc/inetd.conf Settings</AIXPertGroup>
  </AIXPertEntry>
  <AIXPertEntry name="nerc_udpecho" function="udpecho">
    <AIXPertRuleType type="NERC"/>
    <AIXPertDescription catalog="pscexpert.cat" setNum="212" msgNum="35">Implements NERC Standard CIP-005-3a R2.5: Disable unnecessary and insecure services: Disable UDP echo service: Comments the entry for UDP echo service in /etc/inetd.conf and kills all instances of echo(udp).</AIXPertDescription>
    <AIXPertPrereqList>bos.rte.ILS,bos.rte.SRC,bos.rte.date,bos.rte.shell,bos.rte.commands</AIXPertPrereqList>
    <AIXPertCommand>/etc/security/pscexpert/bin/cominetdconf</AIXPertCommand>
    <AIXPertArgs>echo udp d nerc_udpecho</AIXPertArgs>
    <AIXPertGroup>/etc/inetd.conf Settings</AIXPertGroup>
  </AIXPertEntry>
  <AIXPertEntry name="nerc_udpdiscard" function="udpdiscard">
    <AIXPertRuleType type="NERC"/>
    <AIXPertDescription catalog="pscexpert.cat" setNum="212" msgNum="36">Implements NERC Standard CIP-005-3a R2.5: Disable unnecessary and insecure services. Disable UDP discard service: Comments the entry for UDP discard service in /etc/inetd.conf and kills all instances of discard(udp).</AIXPertDescription>
    <AIXPertPrereqList>bos.rte.ILS,bos.rte.SRC,bos.rte.date,bos.rte.shell,bos.rte.commands</AIXPertPrereqList>
    <AIXPertCommand>/etc/security/pscexpert/bin/cominetdconf</AIXPertCommand>
    <AIXPertArgs>discard udp d nerc_udpdiscard</AIXPertArgs>
    <AIXPertGroup>/etc/inetd.conf Settings</AIXPertGroup>
  </AIXPertEntry>
  <AIXPertEntry name="nerc_udpchargen" function="udpchargen">
    <AIXPertRuleType type="NERC"/>
    <AIXPertDescription catalog="pscexpert.cat" setNum="212" msgNum="37">Implements NERC Standard CIP-005-3a R2.5: Disable unnecessary and insecure services: Disable UDP chargen service: Comments the entry for UDP chargen service in /etc/inetd.conf and kills all instances of chargen(udp).</AIXPertDescription>
    <AIXPertPrereqList>bos.rte.ILS,bos.rte.SRC,bos.rte.date,bos.rte.shell,bos.rte.commands</AIXPertPrereqList>
    <AIXPertCommand>/etc/security/pscexpert/bin/cominetdconf</AIXPertCommand>
    <AIXPertArgs>chargen udp d nerc_udpchargen</AIXPertArgs>
    <AIXPertGroup>/etc/inetd.conf Settings</AIXPertGroup>
  </AIXPertEntry>
  <AIXPertEntry name="nerc_udpdaytime" function="udpdaytime">
    <AIXPertRuleType type="NERC"/>
    <AIXPertDescription catalog="pscexpert.cat" setNum="212" msgNum="38">Implements NERC Standard CIP-005-3a R2.5: Disable unnecessary and insecure services: Disable UDP daytime service: Comments the entry for UDP daytime service in /etc/inetd.conf and stops the daytime(udp) service.</AIXPertDescription>
    <AIXPertPrereqList>bos.rte.ILS,bos.rte.SRC,bos.rte.date,bos.rte.shell,bos.rte.commands</AIXPertPrereqList>
    <AIXPertCommand>/etc/security/pscexpert/bin/cominetdconf</AIXPertCommand>
    <AIXPertArgs>daytime udp d nerc_udpdaytime</AIXPertArgs>
    <AIXPertGroup>/etc/inetd.conf Settings</AIXPertGroup>
  </AIXPertEntry>
  <AIXPertEntry name="nerc_udptime" function="udptime">
    <AIXPertRuleType type="NERC"/>
    <AIXPertDescription catalog="pscexpert.cat" setNum="212" msgNum="39">Implements NERC Standard CIP-005-3a R2.5: Disable unnecessary and insecure services: Disable UDP time service: Comments the entry for UDP time service in /etc/inetd.conf and stops the time(udp) service.</AIXPertDescription>
    <AIXPertPrereqList>bos.rte.ILS,bos.rte.SRC,bos.rte.date,bos.rte.shell,bos.rte.commands</AIXPertPrereqList>
    <AIXPertCommand>/etc/security/pscexpert/bin/cominetdconf</AIXPertCommand>
    <AIXPertArgs>time udp d nerc_udptime</AIXPertArgs>
    <AIXPertGroup>/etc/inetd.conf Settings</AIXPertGroup>
  </AIXPertEntry>
  <AIXPertEntry name="nerc_ftp" function="ftp">
    <AIXPertRuleType type="NERC"/>
    <AIXPertDescription catalog="pscexpert.cat" setNum="212" msgNum="40">Implements NERC Standard CIP-005-3a R2.5: Disable unnecessary and insecure services: Disable ftpd: Comments the entry for ftpd daemon in /etc/inetd.conf and stops ftpd daemon.</AIXPertDescription>
    <AIXPertPrereqList>bos.rte.ILS,bos.rte.SRC,bos.rte.date,bos.rte.shell,bos.rte.commands</AIXPertPrereqList>
    <AIXPertCommand>/etc/security/pscexpert/bin/cominetdconf</AIXPertCommand>
    <AIXPertArgs>ftp tcp d nerc_ftp</AIXPertArgs>
    <AIXPertGroup>/etc/inetd.conf Settings</AIXPertGroup>
  </AIXPertEntry>
  <AIXPertEntry name="nerc_telnet" function="telnet">
    <AIXPertRuleType type="NERC"/>
    <AIXPertDescription catalog="pscexpert.cat" setNum="212" msgNum="41">Implements NERC Standard CIP-005-3a R2.5: Disable unnecessary and insecure services: Disable telnetd: Comments the entry for telnetd daemon in /etc/inetd.conf and stops telnetd daemon.</AIXPertDescription>
    <AIXPertPrereqList>bos.rte.ILS,bos.rte.SRC,bos.rte.date,bos.rte.shell,bos.rte.commands</AIXPertPrereqList>
    <AIXPertCommand>/etc/security/pscexpert/bin/cominetdconf</AIXPertCommand>
    <AIXPertArgs>telnet tcp d nerc_telnet</AIXPertArgs>
    <AIXPertGroup>/etc/inetd.conf Settings</AIXPertGroup>
  </AIXPertEntry>
  <AIXPertEntry name="nerc_dtspc" function="dtspc">
    <AIXPertRuleType type="NERC"/>
    <AIXPertDescription catalog="pscexpert.cat" setNum="212" msgNum="42">Implements NERC Standard CIP-005-3a R2.5: Disable unnecessary and insecure services: Disable dtspcd: Comments the entry for dtspcd daemon in /etc/inetd.conf when LFT is not configured and CDE is disabled in /etc/inittab.</AIXPertDescription>
    <AIXPertPrereqList>bos.rte.methods,bos.rte.ILS,bos.rte.SRC,bos.rte.date,bos.rte.shell,bos.rte.commands,prereqlft,prereqcde</AIXPertPrereqList>
    <AIXPertCommand>/etc/security/pscexpert/bin/cominetdconf</AIXPertCommand>
    <AIXPertArgs>dtspc tcp d nerc_dtspc</AIXPertArgs>
    <AIXPertGroup>/etc/inetd.conf Settings</AIXPertGroup>
  </AIXPertEntry>
  <AIXPertEntry name="nerc_ttdbserver" function="ttdbserver">
    <AIXPertRuleType type="NERC"/>
    <AIXPertDescription catalog="pscexpert.cat" setNum="212" msgNum="43">Implements NERC Standard CIP-005-3a R2.5: Disable unnecessary and insecure services: Disable ttdbserver service: Comments the entry for ttdbserver service in /etc/inetd.conf and kills all instances of ttdbserver service.</AIXPertDescription>
    <AIXPertPrereqList>bos.rte.methods,bos.rte.ILS,bos.rte.SRC,bos.rte.date,bos.rte.shell,bos.rte.commands,prereqlft,prereqcde</AIXPertPrereqList>
    <AIXPertCommand>/etc/security/pscexpert/bin/cominetdconf</AIXPertCommand>
    <AIXPertArgs>ttdbserver tcp d nerc_ttdbserver</AIXPertArgs>
    <AIXPertGroup>/etc/inetd.conf Settings</AIXPertGroup>
  </AIXPertEntry>
  <AIXPertEntry name="nerc_cmsd" function="cmsd">
    <AIXPertRuleType type="NERC"/>
    <AIXPertDescription catalog="pscexpert.cat" setNum="212" msgNum="44">Implements NERC Standard CIP-005-3a R2.5: Disable unnecessary and insecure services: Disable cmsd service: Comments the entry for cmsd service in /etc/inetd.conf and kills all instances of cmsd service.</AIXPertDescription>
    <AIXPertPrereqList>bos.rte.methods,bos.rte.ILS,bos.rte.SRC,bos.rte.date,bos.rte.shell,bos.rte.commands,prereqlft,prereqcde</AIXPertPrereqList>
    <AIXPertCommand>/etc/security/pscexpert/bin/cominetdconf</AIXPertCommand>
    <AIXPertArgs>cmsd udp d nerc_cmsd</AIXPertArgs>
    <AIXPertGroup>/etc/inetd.conf Settings</AIXPertGroup>
  </AIXPertEntry>
  <AIXPertEntry name="nerc_tcptr" function="tcptr">
    <AIXPertRuleType type="NERC"/>
    <AIXPertDescription catalog="pscexpert.cat" setNum="212" msgNum="45">Implements NERC Standard CIP-005-3a R2.5: TCP Traffic Regulation High: Enforces denial-of-service mitigation on popular ports.</AIXPertDescription>
    <AIXPertPrereqList></AIXPertPrereqList>
    <AIXPertCommand>/etc/security/pscexpert/bin/tcptr_aixpert</AIXPertCommand>
    <AIXPertArgs>nerc_tcptr</AIXPertArgs>
    <AIXPertGroup>Tune network options</AIXPertGroup>
  </AIXPertEntry>

  <AIXPertEntry name="nerc_pciaudit" function="pciaudit">
    <AIXPertRuleType type="NERC"/>
    <AIXPertDescription catalog="pscexpert.cat" setNum="212" msgNum="46">Implements NERC Standard CIP-005-3a R3: Enable audit: Enables bin auditing.</AIXPertDescription>
    <AIXPertPrereqList>bos.rte,prereqbinaudit</AIXPertPrereqList>
    <AIXPertCommand>/etc/security/pscexpert/bin/pciaudit</AIXPertCommand>
    <AIXPertArgs>h nerc_pciaudit</AIXPertArgs>
    <AIXPertGroup>Audit policy recommendations</AIXPertGroup>
  </AIXPertEntry>

  <AIXPertEntry name="nerc_tncmsg" function="tncmsg">
    <AIXPertRuleType type="NERC"/>
    <AIXPertDescription catalog="pscexpert.cat" setNum="212" msgNum="47">Implements NERC Standard CIP-007-3a R3: Display a message to enable Trusted Network Connect (TNC).</AIXPertDescription>
    <AIXPertPrereqList/>
    <AIXPertCommand>/etc/security/pscexpert/bin/GeneralMsg</AIXPertCommand>
    <AIXPertArgs>enableTNC</AIXPertArgs>
    <AIXPertGroup/>
  </AIXPertEntry>

  <AIXPertEntry name="nerc_sysintegrity" function="sysintegrity">
    <AIXPertRuleType type="NERC"/>
    <AIXPertDescription catalog="pscexpert.cat" setNum="212" msgNum="48">Implements NERC Standard CIP-007-3a R4: Maintaining the system integrity by detecting removing and protecting against known types of malicious software.</AIXPertDescription>
    <AIXPertPrereqList>bos.rte.date,bos.rte.commands,bos.rte.shell,bos.rte.ILS,prereqTE</AIXPertPrereqList>
    <AIXPertCommand>/etc/security/pscexpert/bin/manageITsecurity</AIXPertCommand>
    <AIXPertArgs>nerc_sysintegrity</AIXPertArgs>
    <AIXPertGroup>System Integrity verification</AIXPertGroup>
  </AIXPertEntry>

  <AIXPertEntry name="nerc_lockacc_rlogin" function="lockacc_rlogin">
    <AIXPertRuleType type="NERC"/>
    <AIXPertDescription catalog="pscexpert.cat" setNum="212" msgNum="49">Implements NERC Standard CIP-007-3a R5.2.2-R5.2.3: Default system accounts must be disabled.</AIXPertDescription>
    <AIXPertPrereqList>bos.rte.ILS,bos.rte.date,bos.rte.shell,bos.rte.commands</AIXPertPrereqList>
    <AIXPertCommand>/etc/security/pscexpert/dodv2/lockacc_rlogin</AIXPertCommand>
    <AIXPertArgs>a</AIXPertArgs>
    <AIXPertGroup>Login policy recommendations</AIXPertGroup>
  </AIXPertEntry>

  <AIXPertEntry name="nerc_pwdchg" function="pwdchg">
    <AIXPertRuleType type="NERC"/>
    <AIXPertDescription catalog="pscexpert.cat" setNum="212" msgNum="57">Implements NERC Standard CIP-007-3a R5.2.1: All default user accounts that are not locked should be enabled for the password change at the first login.</AIXPertDescription>
    <AIXPertPrereqList>bos.rte.ILS,bos.rte.date,bos.rte.shell,bos.rte.commands</AIXPertPrereqList>
    <AIXPertCommand>/etc/security/pscexpert/bin/pwdchg</AIXPertCommand>
    <AIXPertArgs>a</AIXPertArgs>
    <AIXPertGroup>Login policy recommendations</AIXPertGroup>
  </AIXPertEntry>

  <AIXPertEntry name="nerc_minlen" function="minlen">
    <AIXPertRuleType type="NERC"/>
    <AIXPertDescription catalog="pscexpert.cat" setNum="212" msgNum="50">Implements NERC Standard CIP-007-3a R5.3.1: Minimum length for password: Specifies the minimum length of password to 6 characters.</AIXPertDescription>
    <AIXPertPrereqList>bos.rte.date,bos.rte.commands,bos.rte.security,bos.rte.shell,bos.rte.ILS</AIXPertPrereqList>
    <AIXPertCommand>/etc/security/pscexpert/bin/chusrattr</AIXPertCommand>
    <AIXPertArgs>minlen=6 MORE ALL nerc_minlen</AIXPertArgs>
    <AIXPertGroup>Password policy rules</AIXPertGroup>
  </AIXPertEntry>
  <AIXPertEntry name="nerc_minalpha" function="minalpha">
    <AIXPertRuleType type="NERC"/>
    <AIXPertDescription catalog="pscexpert.cat" setNum="212" msgNum="51">Implements NERC Standard CIP-007-3a R5.3.2: Minimum number of alphabetic chars: Specifies the minimum number of alphabetic characters in a password to 1 to ensure that the password contains alphabetic characters.</AIXPertDescription>
    <AIXPertPrereqList>bos.rte.date,bos.rte.commands,bos.rte.security,bos.rte.shell,bos.rte.ILS</AIXPertPrereqList>
    <AIXPertCommand>/etc/security/pscexpert/bin/chusrattr</AIXPertCommand>
    <AIXPertArgs>minalpha=1 MORE ALL nerc_minalpha</AIXPertArgs>
    <AIXPertGroup>Password policy rules</AIXPertGroup>
  </AIXPertEntry>
  <AIXPertEntry name="nerc_mindigit" function="mindigit">
    <AIXPertRuleType type="NERC"/>
    <AIXPertDescription catalog="pscexpert.cat" setNum="212" msgNum="52">Implements NERC Standard CIP-007-3a R5.3.2: Minimum number of digits: Specifies the minimum number of digits in a password to 1 to ensure that the password contains digits.</AIXPertDescription>
    <AIXPertPrereqList>bos.rte.date,bos.rte.commands,bos.rte.security,bos.rte.shell,bos.rte.ILS</AIXPertPrereqList>
    <AIXPertCommand>/etc/security/pscexpert/bin/chusrattr</AIXPertCommand>
    <AIXPertArgs>mindigit=1 MORE ALL nerc_mindigit</AIXPertArgs>
    <AIXPertGroup>Password policy rules</AIXPertGroup>
  </AIXPertEntry>
  <AIXPertEntry name="nerc_minspecial" function="minspecial">
    <AIXPertRuleType type="NERC"/>
    <AIXPertDescription catalog="pscexpert.cat" setNum="212" msgNum="53">Implements NERC Standard CIP-007-3a R5.3.2: Minimum number of special chars: Specifies the minimum number of special characters in a password to 1 to ensure that the password contains special characters.</AIXPertDescription>
    <AIXPertPrereqList>bos.rte.date,bos.rte.commands,bos.rte.security,bos.rte.shell,bos.rte.ILS</AIXPertPrereqList>
    <AIXPertCommand>/etc/security/pscexpert/bin/chusrattr</AIXPertCommand>
    <AIXPertArgs>minspecialchar=1 MORE ALL nerc_minspecial</AIXPertArgs>
    <AIXPertGroup>Password policy rules</AIXPertGroup>
  </AIXPertEntry>
  <AIXPertEntry name="nerc_minother" function="minother">
    <AIXPertRuleType type="NERC"/>
    <AIXPertDescription catalog="pscexpert.cat" setNum="212" msgNum="58">Implements NERC Standard CIP-007-3a R5.3.2: Minimum number of non-alphabetic characters: Specifies the minimum number of non-alphabetic characters in a password to 2.</AIXPertDescription>
    <AIXPertPrereqList>bos.rte.date,bos.rte.commands,bos.rte.security,bos.rte.shell,bos.rte.ILS</AIXPertPrereqList>
    <AIXPertCommand>/etc/security/pscexpert/bin/chusrattr</AIXPertCommand>
    <AIXPertArgs>minother=2 MORE ALL nerc_minother</AIXPertArgs>
    <AIXPertGroup>Password policy rules</AIXPertGroup>
  </AIXPertEntry>
  <AIXPertEntry name="nerc_maxage" function="maxage">
    <AIXPertRuleType type="NERC"/>
    <AIXPertDescription catalog="pscexpert.cat" setNum="212" msgNum="54">Implements NERC Standard CIP-007-3a R5.3.3: Maximum age for password: Specifies the maximum number of weeks (52 weeks, at least annually) that a password is valid.</AIXPertDescription>
    <AIXPertPrereqList>bos.rte.date,bos.rte.commands,bos.rte.security,bos.rte.shell,bos.rte.ILS</AIXPertPrereqList>
    <AIXPertCommand>/etc/security/pscexpert/bin/chusrattr</AIXPertCommand>
    <AIXPertArgs>maxage=52 LESS ALL nerc_maxage</AIXPertArgs>
    <AIXPertGroup>Password policy rules</AIXPertGroup>
  </AIXPertEntry>

  <AIXPertEntry name="nerc_efsmsg" function="efsmsg">
    <AIXPertRuleType type="NERC"/>
    <AIXPertDescription catalog="pscexpert.cat" setNum="212" msgNum="55">Implements NERC Standard CIP-007-3a R7: Display a message to enable Encrypted File System (EFS).</AIXPertDescription>
    <AIXPertPrereqList/>
    <AIXPertCommand>/etc/security/pscexpert/bin/GeneralMsg</AIXPertCommand>
    <AIXPertArgs>enableEFS</AIXPertArgs>
    <AIXPertGroup/>
  </AIXPertEntry>

  <AIXPertEntry name="nerc_rtcmsg" function="rtcmsg">
    <AIXPertRuleType type="NERC"/>
    <AIXPertDescription catalog="pscexpert.cat" setNum="212" msgNum="56">Implements NERC Standard CIP-010-1: Display a message to enable Real Time Compliance (RTC).</AIXPertDescription>
    <AIXPertPrereqList/>
    <AIXPertCommand>/etc/security/pscexpert/bin/GeneralMsg</AIXPertCommand>
    <AIXPertArgs>enableRTC</AIXPertArgs>
    <AIXPertGroup/>
  </AIXPertEntry>

</AIXPertSecurityHardening>
